,사고번호,사고일시,요일,시군구,사고내용,사망자수,중상자수,경상자수,부상신고자수,사고유형,법규위반,노면상태,기상상태,도로형태,가해운전자 차종,가해운전자 성별,가해운전자 연령,가해운전자 상해정도,피해운전자 차종,피해운전자 성별,피해운전자 연령,피해운전자 상해정도
2050,2019050900100603,2019년 5월 9일 20시,목요일,대전광역시 중구 용두동,중상사고,0,1,0,0,차대사람 - 기타,안전운전불이행,포장 - 건조,맑음,교차로 - 교차로부근,승용,남,49세,상해없음,보행자,남,59세,중상
2051,2019050900100676,2019년 5월 9일 23시,목요일,대전광역시 서구 가수원동,경상사고,0,0,1,0,차대사람 - 기타,안전운전불이행,포장 - 건조,맑음,교차로 - 교차로안,승용,여,31세,기타불명,보행자,여,52세,경상
2052,2019051000100392,2019년 5월 10일 14시,금요일,대전광역시 서구 괴정동,경상사고,0,0,1,0,차대사람 - 기타,안전운전불이행,포장 - 건조,맑음,단일로 - 기타,승용,남,67세,상해없음,보행자,남,55세,경상
2053,2019051000100533,2019년 5월 10일 17시,금요일,대전광역시 대덕구 중리동,중상사고,0,1,0,0,차대사람 - 횡단중,안전운전불이행,포장 - 건조,맑음,교차로 - 교차로안,화물,남,51세,상해없음,보행자,남,5세,중상
2054,2019051000100535,2019년 5월 10일 17시,금요일,대전광역시 서구 월평동,경상사고,0,0,1,0,차대사람 - 기타,안전운전불이행,포장 - 건조,맑음,단일로 - 기타,승용,남,48세,기타불명,보행자,남,65세,경상
2055,2019051000100685,2019년 5월 10일 21시,금요일,대전광역시 유성구 봉명동,중상사고,0,1,0,0,차대사람 - 횡단중,신호위반,포장 - 건조,맑음,교차로 - 교차로횡단보도내,승용,여,57세,상해없음,보행자,남,12세,중상
2056,2019051100100435,2019년 5월 11일 14시,토요일,대전광역시 대덕구 중리동,경상사고,0,0,1,0,차대사람 - 기타,안전운전불이행,포장 - 건조,맑음,단일로 - 기타,승합,남,51세,상해없음,보행자,남,37세,경상
2057,2019051100100556,2019년 5월 11일 17시,토요일,대전광역시 대덕구 오정동,경상사고,0,0,1,0,차대사람 - 기타,안전운전불이행,포장 - 건조,맑음,단일로 - 기타,자전거,남,49세,상해없음,보행자,여,55세,경상
2058,2019051200100078,2019년 5월 12일 04시,일요일,대전광역시 동구 용전동,중상사고,0,1,0,0,차대사람 - 기타,안전운전불이행,포장 - 건조,맑음,단일로 - 기타,승용,남,66세,상해없음,보행자,남,27세,중상
2059,2019051200100184,2019년 5월 12일 10시,일요일,대전광역시 중구 대사동,경상사고,0,0,1,0,차대사람 - 횡단중,안전운전불이행,포장 - 건조,맑음,교차로 - 교차로안,승용,남,74세,기타불명,보행자,여,73세,경상
2060,2019051200100279,2019년 5월 12일 13시,일요일,대전광역시 서구 관저동,중상사고,0,1,1,0,차대사람 - 횡단중,안전운전불이행,포장 - 건조,맑음,교차로 - 교차로안,화물,남,53세,상해없음,보행자,여,67세,중상
2061,2019051200100421,2019년 5월 12일 17시,일요일,대전광역시 서구 둔산동,경상사고,0,0,1,0,차대사람 - 횡단중,보행자보호의무위반,포장 - 건조,맑음,교차로 - 교차로횡단보도내,승합,남,57세,상해없음,보행자,여,33세,경상
2062,2019051300100251,2019년 5월 13일 11시,월요일,대전광역시 서구 탄방동,경상사고,0,0,1,0,차대사람 - 기타,안전운전불이행,포장 - 건조,맑음,교차로 - 교차로안,원동기,남,85세,상해없음,보행자,남,50세,경상
2063,2019051300100320,2019년 5월 13일 13시,월요일,대전광역시 서구 변동,경상사고,0,0,1,0,차대사람 - 기타,기타,포장 - 건조,맑음,교차로 - 교차로부근,화물,남,59세,상해없음,보행자,여,21세,경상
2064,2019051300100392,2019년 5월 13일 15시,월요일,대전광역시 중구 중촌동,중상사고,0,1,0,0,차대사람 - 횡단중,보행자보호의무위반,포장 - 건조,맑음,교차로 - 교차로횡단보도내,화물,남,43세,상해없음,보행자,여,26세,중상
2065,2019051300100424,2019년 5월 13일 16시,월요일,대전광역시 서구 관저동,경상사고,0,0,1,0,차대사람 - 횡단중,기타,포장 - 건조,맑음,단일로 - 기타,자전거,여,52세,상해없음,보행자,여,36세,경상
2066,2019051300100462,2019년 5월 13일 17시,월요일,대전광역시 유성구 도룡동,경상사고,0,0,2,0,차대사람 - 횡단중,안전운전불이행,포장 - 건조,맑음,단일로 - 기타,승용,남,59세,상해없음,보행자,남,51세,경상
2067,2019051300100549,2019년 5월 13일 19시,월요일,대전광역시 서구 둔산동,경상사고,0,0,1,0,차대사람 - 기타,안전운전불이행,포장 - 건조,맑음,단일로 - 기타,승용,여,39세,기타불명,보행자,남,23세,경상
2068,2019051300100584,2019년 5월 13일 20시,월요일,대전광역시 유성구 교촌동,경상사고,0,0,1,0,차대사람 - 횡단중,보행자보호의무위반,포장 - 건조,흐림,교차로 - 교차로횡단보도내,승용,남,54세,상해없음,보행자,여,59세,경상
2069,2019051300100608,2019년 5월 13일 21시,월요일,대전광역시 서구 관저동,경상사고,0,0,1,0,차대사람 - 횡단중,보행자보호의무위반,포장 - 건조,맑음,교차로 - 교차로횡단보도내,승용,여,45세,상해없음,보행자,남,58세,경상
2070,2019051400100041,2019년 5월 14일 00시,화요일,대전광역시 동구 대성동,경상사고,0,0,1,0,차대사람 - 기타,안전운전불이행,비포장 - 건조,맑음,단일로 - 기타,화물,여,65세,상해없음,보행자,남,59세,경상
2071,2019051400100050,2019년 5월 14일 01시,화요일,대전광역시 서구 용문동,경상사고,0,0,1,0,차대사람 - 기타,안전운전불이행,포장 - 건조,맑음,주차장 - 주차장,승용,남,39세,상해없음,보행자,여,28세,경상
2072,2019051400100141,2019년 5월 14일 08시,화요일,대전광역시 대덕구 목상동,경상사고,0,0,1,0,차대사람 - 기타,안전운전불이행,포장 - 건조,맑음,교차로 - 교차로부근,승용,남,55세,기타불명,보행자,여,72세,경상
2073,2019051400100352,2019년 5월 14일 14시,화요일,대전광역시 동구 판암동,중상사고,0,1,0,0,차대사람 - 횡단중,보행자보호의무위반,포장 - 건조,맑음,교차로 - 교차로횡단보도내,승용,남,31세,상해없음,보행자,여,67세,중상
2074,2019051400100395,2019년 5월 14일 15시,화요일,대전광역시 대덕구 중리동,경상사고,0,0,1,0,차대사람 - 횡단중,보행자보호의무위반,포장 - 건조,맑음,단일로 - 기타,승용,남,68세,기타불명,보행자,여,19세,경상
2075,2019051400100396,2019년 5월 14일 15시,화요일,대전광역시 유성구 전민동,경상사고,0,0,1,0,차대사람 - 기타,기타,포장 - 건조,맑음,단일로 - 기타,승용,남,53세,상해없음,보행자,여,45세,경상
2076,2019051400100537,2019년 5월 14일 18시,화요일,대전광역시 중구 문화동,경상사고,0,0,1,0,차대사람 - 차도통행중,안전운전불이행,포장 - 건조,맑음,단일로 - 기타,승합,남,51세,상해없음,보행자,남,26세,경상
2077,2019051400100614,2019년 5월 14일 20시,화요일,대전광역시 대덕구 비래동,경상사고,0,0,1,0,차대사람 - 횡단중,보행자보호의무위반,포장 - 건조,맑음,교차로 - 교차로안,승용,여,53세,상해없음,보행자,남,64세,경상
2078,2019051400100615,2019년 5월 14일 20시,화요일,대전광역시 서구 둔산동,경상사고,0,0,1,0,차대사람 - 기타,안전운전불이행,포장 - 건조,맑음,교차로 - 교차로안,승용,남,28세,상해없음,보행자,남,47세,경상
2079,2019051400100650,2019년 5월 14일 21시,화요일,대전광역시 유성구 봉명동,경상사고,0,0,1,0,차대사람 - 기타,안전운전불이행,포장 - 건조,맑음,단일로 - 기타,승합,남,64세,상해없음,보행자,남,23세,경상
2080,2019051400100673,2019년 5월 14일 22시,화요일,대전광역시 서구 둔산동,중상사고,0,1,0,0,차대사람 - 기타,안전운전불이행,포장 - 건조,맑음,단일로 - 기타,승용,남,37세,상해없음,보행자,남,29세,중상
2081,2019051500100124,2019년 5월 15일 07시,수요일,대전광역시 유성구 원내동,부상신고사고,0,0,0,1,차대사람 - 횡단중,기타,포장 - 건조,맑음,단일로 - 기타,화물,남,27세,상해없음,보행자,남,51세,부상신고
2082,2019051500100239,2019년 5월 15일 10시,수요일,대전광역시 대덕구 비래동,경상사고,0,0,1,0,차대사람 - 기타,안전운전불이행,포장 - 건조,맑음,단일로 - 기타,승용,남,71세,상해없음,보행자,남,21세,경상
2083,2019051500100240,2019년 5월 15일 10시,수요일,대전광역시 유성구 봉명동,경상사고,0,0,1,0,차대사람 - 기타,안전운전불이행,포장 - 건조,맑음,단일로 - 기타,승용,여,50세,상해없음,보행자,여,24세,경상
2084,2019051500100392,2019년 5월 15일 14시,수요일,대전광역시 유성구 궁동,부상신고사고,0,0,0,1,차대사람 - 기타,안전운전불이행,포장 - 건조,맑음,단일로 - 기타,승용,여,27세,상해없음,보행자,남,21세,부상신고
2085,2019051500100607,2019년 5월 15일 19시,수요일,대전광역시 동구 홍도동,중상사고,0,1,0,0,차대사람 - 보도통행중,안전운전불이행,포장 - 건조,맑음,기타 - 기타,자전거,남,18세,상해없음,보행자,여,77세,중상
2086,2019051500100609,2019년 5월 15일 19시,수요일,대전광역시 서구 둔산동,경상사고,0,0,1,0,차대사람 - 보도통행중,기타,포장 - 건조,맑음,단일로 - 기타,개인형이동수단(PM),남,34세,상해없음,보행자,여,9세,경상
2087,2019051500100647,2019년 5월 15일 20시,수요일,대전광역시 서구 월평동,경상사고,0,0,1,0,차대사람 - 보도통행중,신호위반,포장 - 건조,맑음,교차로 - 교차로안,승용,남,61세,상해없음,보행자,남,57세,경상
2088,2019051500100715,2019년 5월 15일 23시,수요일,대전광역시 대덕구 문평동,중상사고,0,1,0,0,차대사람 - 횡단중,안전운전불이행,포장 - 건조,맑음,교차로 - 교차로부근,승용,여,29세,상해없음,보행자,여,22세,중상
2089,2019051600100190,2019년 5월 16일 08시,목요일,대전광역시 서구 내동,중상사고,0,1,0,0,차대사람 - 보도통행중,안전운전불이행,포장 - 건조,맑음,단일로 - 기타,자전거,남,62세,기타불명,보행자,여,40세,중상
2090,2019051600100235,2019년 5월 16일 09시,목요일,대전광역시 유성구 봉산동,중상사고,0,1,1,0,차대사람 - 기타,보행자보호의무위반,포장 - 건조,맑음,교차로 - 교차로횡단보도내,승용,여,34세,상해없음,보행자,여,40세,경상
2091,2019051600100484,2019년 5월 16일 16시,목요일,대전광역시 서구 도안동,사망사고,1,0,1,0,차대사람 - 기타,안전운전불이행,포장 - 건조,맑음,기타 - 기타,승용,여,58세,경상,보행자,남,13세,사망
2092,2019051600100543,2019년 5월 16일 17시,목요일,대전광역시 서구 갈마동,경상사고,0,0,1,0,차대사람 - 기타,안전운전불이행,포장 - 건조,맑음,교차로 - 교차로부근,승용,남,62세,상해없음,보행자,남,6세,경상
2093,2019051700100031,2019년 5월 17일 00시,금요일,대전광역시 서구 둔산동,중상사고,0,2,0,0,차대사람 - 횡단중,안전운전불이행,포장 - 건조,맑음,교차로 - 교차로안,승용,남,64세,상해없음,보행자,남,49세,중상
2094,2019051700100120,2019년 5월 17일 07시,금요일,대전광역시 중구 옥계동,경상사고,0,0,1,0,차대사람 - 차도통행중,안전운전불이행,포장 - 건조,맑음,단일로 - 기타,화물,남,52세,상해없음,보행자,여,72세,경상
2095,2019051700100253,2019년 5월 17일 11시,금요일,대전광역시 유성구 전민동,경상사고,0,0,1,0,차대사람 - 기타,안전운전불이행,포장 - 건조,맑음,단일로 - 기타,승용,남,29세,상해없음,보행자,남,29세,경상
2096,2019051700100288,2019년 5월 17일 12시,금요일,대전광역시 유성구 궁동,경상사고,0,0,1,0,차대사람 - 기타,안전운전불이행,포장 - 건조,맑음,교차로 - 교차로안,승용,남,21세,상해없음,보행자,남,23세,경상
2097,2019051700100358,2019년 5월 17일 14시,금요일,대전광역시 동구 홍도동,중상사고,0,1,0,0,차대사람 - 횡단중,안전운전불이행,포장 - 건조,맑음,단일로 - 기타,승용,남,53세,상해없음,보행자,남,29세,중상
2098,2019051700100542,2019년 5월 17일 18시,금요일,대전광역시 서구 둔산동,경상사고,0,0,1,0,차대사람 - 기타,안전운전불이행,포장 - 건조,맑음,기타 - 기타,승용,남,27세,상해없음,보행자,남,52세,경상
2099,2019051700100730,2019년 5월 17일 23시,금요일,대전광역시 유성구 지족동,중상사고,0,1,0,0,차대사람 - 기타,신호위반,포장 - 젖음/습기,비,교차로 - 교차로안,승용,남,69세,상해없음,보행자,남,45세,중상
2100,2019051800100054,2019년 5월 18일 00시,토요일,대전광역시 유성구 봉명동,중상사고,0,1,0,0,차대사람 - 기타,안전운전불이행,포장 - 젖음/습기,비,단일로 - 기타,승용,남,52세,상해없음,보행자,남,25세,중상
2101,2019051800100126,2019년 5월 18일 04시,토요일,대전광역시 중구 태평동,중상사고,0,1,0,0,차대사람 - 횡단중,보행자보호의무위반,포장 - 젖음/습기,비,단일로 - 기타,승용,남,67세,상해없음,보행자,남,37세,중상
2102,2019051800100332,2019년 5월 18일 12시,토요일,대전광역시 서구 괴정동,경상사고,0,0,1,0,차대사람 - 보도통행중,기타,포장 - 건조,맑음,기타 - 기타,개인형이동수단(PM),여,23세,기타불명,보행자,남,5세,경상
2103,2019051800100556,2019년 5월 18일 18시,토요일,대전광역시 서구 둔산동,중상사고,0,1,0,0,차대사람 - 횡단중,보행자보호의무위반,포장 - 건조,흐림,교차로 - 교차로횡단보도내,승용,여,45세,상해없음,보행자,남,17세,중상
2104,2019051800100619,2019년 5월 18일 20시,토요일,대전광역시 서구 갈마동,중상사고,0,1,0,0,차대사람 - 횡단중,안전운전불이행,포장 - 건조,맑음,교차로 - 교차로안,승용,남,31세,상해없음,보행자,여,68세,중상
2105,2019051800100643,2019년 5월 18일 21시,토요일,대전광역시 중구 오류동,경상사고,0,0,1,0,차대사람 - 보도통행중,기타,포장 - 건조,맑음,교차로 - 교차로부근,승용,남,65세,상해없음,보행자,여,31세,경상
2106,2019051900100201,2019년 5월 19일 11시,일요일,대전광역시 중구 산성동,중상사고,0,1,0,0,차대사람 - 길가장자리구역통행중,안전운전불이행,포장 - 건조,맑음,단일로 - 기타,승용,여,51세,상해없음,보행자,여,64세,중상
2107,2019051900100396,2019년 5월 19일 17시,일요일,대전광역시 유성구 봉명동,경상사고,0,0,1,0,차대사람 - 기타,신호위반,포장 - 젖음/습기,흐림,교차로 - 교차로부근,원동기,남,30세,상해없음,보행자,여,44세,경상
2108,2019051900100548,2019년 5월 19일 21시,일요일,대전광역시 유성구 관평동,중상사고,0,1,0,0,차대사람 - 횡단중,신호위반,포장 - 건조,맑음,교차로 - 교차로횡단보도내,화물,남,22세,상해없음,보행자,남,18세,중상
2109,2019051900100594,2019년 5월 19일 23시,일요일,대전광역시 중구 유천동,중상사고,0,1,0,0,차대사람 - 기타,안전운전불이행,포장 - 건조,맑음,단일로 - 기타,승용,남,67세,상해없음,보행자,남,72세,중상
2110,2019051900100595,2019년 5월 19일 23시,일요일,대전광역시 서구 둔산동,경상사고,0,0,1,0,차대사람 - 기타,안전운전불이행,포장 - 건조,맑음,단일로 - 기타,승용,남,41세,상해없음,보행자,남,31세,경상
2111,2019052000100066,2019년 5월 20일 05시,월요일,대전광역시 중구 문화동,경상사고,0,0,1,0,차대사람 - 차도통행중,안전운전불이행,포장 - 젖음/습기,비,단일로 - 기타,승용,남,60세,상해없음,보행자,여,81세,경상
2112,2019052000100190,2019년 5월 20일 09시,월요일,대전광역시 서구 탄방동,경상사고,0,0,1,0,차대사람 - 기타,기타,포장 - 건조,맑음,단일로 - 기타,승용,남,35세,상해없음,보행자,여,57세,경상
2113,2019052000100463,2019년 5월 20일 16시,월요일,대전광역시 동구 가오동,경상사고,0,0,1,0,차대사람 - 횡단중,안전운전불이행,포장 - 건조,맑음,단일로 - 기타,승용,여,59세,상해없음,보행자,여,14세,경상
2114,2019052100100534,2019년 5월 21일 17시,화요일,대전광역시 서구 탄방동,부상신고사고,0,0,0,1,차대사람 - 횡단중,보행자보호의무위반,포장 - 건조,맑음,교차로 - 교차로횡단보도내,기타불명,기타불명,미분류,기타불명,보행자,남,9세,부상신고
2115,2019052100100624,2019년 5월 21일 19시,화요일,대전광역시 유성구 송강동,경상사고,0,0,1,0,차대사람 - 기타,보행자보호의무위반,포장 - 건조,맑음,단일로 - 기타,승합,남,25세,상해없음,보행자,남,59세,경상
2116,2019052200100318,2019년 5월 22일 12시,수요일,대전광역시 중구 중촌동,경상사고,0,0,1,0,차대사람 - 횡단중,보행자보호의무위반,포장 - 건조,맑음,단일로 - 기타,승용,남,34세,상해없음,보행자,남,67세,경상
2117,2019052200100427,2019년 5월 22일 15시,수요일,대전광역시 동구 가양동,경상사고,0,0,1,0,차대사람 - 보도통행중,기타,포장 - 건조,맑음,기타 - 기타,승용,여,79세,상해없음,보행자,여,45세,경상
2118,2019052300100042,2019년 5월 23일 00시,목요일,대전광역시 유성구 봉명동,중상사고,0,1,0,0,차대사람 - 기타,안전운전불이행,포장 - 건조,맑음,기타 - 기타,승용,남,26세,상해없음,보행자,남,64세,중상
2119,2019052300100504,2019년 5월 23일 17시,목요일,대전광역시 서구 용문동,경상사고,0,0,1,0,차대사람 - 길가장자리구역통행중,안전운전불이행,포장 - 건조,맑음,기타 - 기타,승용,남,59세,상해없음,보행자,여,59세,경상
2120,2019052300100598,2019년 5월 23일 19시,목요일,대전광역시 동구 천동,경상사고,0,0,1,0,차대사람 - 횡단중,안전운전불이행,포장 - 건조,맑음,교차로 - 교차로부근,화물,남,52세,상해없음,보행자,남,60세,경상
2121,2019052400100067,2019년 5월 24일 02시,금요일,대전광역시 서구 월평동,중상사고,0,1,0,0,차대사람 - 차도통행중,안전운전불이행,포장 - 건조,맑음,교차로 - 교차로안,승용,남,27세,상해없음,보행자,남,49세,중상
2122,2019052400100690,2019년 5월 24일 20시,금요일,대전광역시 중구 대사동,부상신고사고,0,0,0,1,차대사람 - 횡단중,보행자보호의무위반,포장 - 건조,맑음,기타 - 기타,승용,남,63세,상해없음,보행자,남,50세,부상신고
2123,2019052400100721,2019년 5월 24일 21시,금요일,대전광역시 중구 용두동,중상사고,0,1,0,0,차대사람 - 기타,기타,포장 - 건조,맑음,단일로 - 기타,승용,남,66세,상해없음,보행자,여,32세,중상
2124,2019052400100722,2019년 5월 24일 21시,금요일,대전광역시 동구 성남동,경상사고,0,0,1,0,차대사람 - 횡단중,보행자보호의무위반,포장 - 건조,맑음,교차로 - 교차로횡단보도내,이륜,남,45세,상해없음,보행자,남,46세,경상
2125,2019052400100785,2019년 5월 24일 23시,금요일,대전광역시 중구 산성동,경상사고,0,0,1,0,차대사람 - 차도통행중,안전운전불이행,포장 - 건조,맑음,단일로 - 기타,승용,남,27세,상해없음,보행자,남,33세,경상
2126,2019052400100786,2019년 5월 24일 23시,금요일,대전광역시 유성구 봉명동,경상사고,0,0,1,0,차대사람 - 기타,안전운전불이행,포장 - 건조,맑음,단일로 - 기타,승용,남,25세,상해없음,보행자,여,19세,경상
2127,2019052500100033,2019년 5월 25일 00시,토요일,대전광역시 서구 둔산동,경상사고,0,0,1,0,차대사람 - 횡단중,보행자보호의무위반,포장 - 건조,맑음,교차로 - 교차로횡단보도내,승용,남,64세,상해없음,보행자,남,21세,경상
2128,2019052500100276,2019년 5월 25일 11시,토요일,대전광역시 중구 은행동,경상사고,0,0,1,0,차대사람 - 보도통행중,안전운전불이행,포장 - 건조,맑음,단일로 - 기타,승용,남,77세,상해없음,보행자,여,39세,경상
2129,2019052500100610,2019년 5월 25일 20시,토요일,대전광역시 중구 은행동,경상사고,0,0,1,0,차대사람 - 기타,안전운전불이행,포장 - 건조,맑음,단일로 - 기타,승용,남,63세,상해없음,보행자,남,17세,경상
2130,2019052600100029,2019년 5월 26일 00시,일요일,대전광역시 중구 용두동,중상사고,0,1,0,0,차대사람 - 기타,안전운전불이행,포장 - 건조,맑음,단일로 - 기타,승용,여,24세,상해없음,보행자,남,44세,중상
2131,2019052600100073,2019년 5월 26일 03시,일요일,대전광역시 서구 둔산동,경상사고,0,0,1,0,차대사람 - 기타,안전운전불이행,포장 - 건조,맑음,단일로 - 기타,승용,남,24세,기타불명,보행자,남,22세,경상
2132,2019052600100075,2019년 5월 26일 03시,일요일,대전광역시 서구 둔산동,경상사고,0,0,1,0,차대사람 - 기타,안전운전불이행,포장 - 건조,맑음,단일로 - 기타,승용,남,28세,상해없음,보행자,남,23세,경상
2133,2019052600100302,2019년 5월 26일 14시,일요일,대전광역시 유성구 반석동,중상사고,0,1,0,0,차대사람 - 횡단중,안전운전불이행,포장 - 건조,맑음,교차로 - 교차로안,승용,여,55세,상해없음,보행자,남,77세,중상
2134,2019052700100040,2019년 5월 27일 01시,월요일,대전광역시 서구 둔산동,경상사고,0,0,1,0,차대사람 - 기타,안전운전불이행,포장 - 젖음/습기,비,기타 - 기타,기타불명,기타불명,미분류,기타불명,보행자,여,18세,경상
2135,2019052700100285,2019년 5월 27일 11시,월요일,대전광역시 중구 은행동,사망사고,1,0,0,0,차대사람 - 횡단중,안전운전불이행,포장 - 젖음/습기,비,단일로 - 기타,화물,남,41세,상해없음,보행자,남,52세,사망
2136,2019052700100286,2019년 5월 27일 11시,월요일,대전광역시 중구 은행동,경상사고,0,0,1,0,차대사람 - 길가장자리구역통행중,안전운전불이행,포장 - 젖음/습기,비,단일로 - 기타,승용,여,58세,상해없음,보행자,남,58세,경상
2137,2019052700100396,2019년 5월 27일 14시,월요일,대전광역시 대덕구 신탄진동,중상사고,0,1,0,0,차대사람 - 기타,안전운전불이행,포장 - 건조,맑음,단일로 - 기타,승합,남,60세,상해없음,보행자,여,63세,중상
2138,2019052700100457,2019년 5월 27일 16시,월요일,대전광역시 서구 정림동,중상사고,0,1,0,0,차대사람 - 횡단중,신호위반,포장 - 젖음/습기,비,교차로 - 교차로횡단보도내,승용,여,23세,상해없음,보행자,여,59세,중상
2139,2019052700100497,2019년 5월 27일 17시,월요일,대전광역시 서구 갈마동,경상사고,0,0,1,0,차대사람 - 기타,안전운전불이행,포장 - 건조,맑음,단일로 - 기타,승용,여,69세,상해없음,보행자,여,69세,경상
2140,2019052700100536,2019년 5월 27일 18시,월요일,대전광역시 중구 문화동,경상사고,0,0,1,0,차대사람 - 차도통행중,안전운전불이행,포장 - 건조,흐림,단일로 - 기타,승용,남,37세,상해없음,보행자,남,35세,경상
2141,2019052800100049,2019년 5월 28일 01시,화요일,대전광역시 서구 둔산동,경상사고,0,0,1,0,차대사람 - 길가장자리구역통행중,안전운전불이행,포장 - 건조,맑음,단일로 - 기타,승용,남,41세,상해없음,보행자,남,18세,경상
2142,2019052800100274,2019년 5월 28일 11시,화요일,대전광역시 유성구 봉명동,경상사고,0,0,1,0,차대사람 - 기타,보행자보호의무위반,포장 - 건조,맑음,단일로 - 기타,승용,여,58세,상해없음,보행자,남,64세,경상
2143,2019052800100384,2019년 5월 28일 14시,화요일,대전광역시 중구 문화동,중상사고,0,1,0,0,차대사람 - 횡단중,보행자보호의무위반,포장 - 건조,맑음,단일로 - 기타,화물,남,49세,상해없음,보행자,남,70세,중상
2144,2019052800100433,2019년 5월 28일 15시,화요일,대전광역시 대덕구 중리동,중상사고,0,1,0,0,차대사람 - 기타,보행자보호의무위반,포장 - 건조,맑음,교차로 - 교차로횡단보도내,승용,남,53세,상해없음,보행자,여,60세,중상
2145,2019052800100488,2019년 5월 28일 16시,화요일,대전광역시 중구 대흥동,중상사고,0,1,0,0,차대사람 - 기타,보행자보호의무위반,포장 - 건조,맑음,단일로 - 기타,승용,남,29세,상해없음,보행자,여,8세,중상
2146,2019052800100611,2019년 5월 28일 18시,화요일,대전광역시 대덕구 읍내동,경상사고,0,0,1,0,차대사람 - 보도통행중,안전운전불이행,포장 - 건조,맑음,단일로 - 기타,자전거,남,28세,기타불명,보행자,남,43세,경상
2147,2019052800100648,2019년 5월 28일 19시,화요일,대전광역시 서구 괴정동,경상사고,0,0,1,0,차대사람 - 기타,안전운전불이행,포장 - 건조,맑음,교차로 - 교차로안,승용,남,52세,상해없음,보행자,남,54세,경상
2148,2019052900100417,2019년 5월 29일 15시,수요일,대전광역시 동구 대동,중상사고,0,1,1,0,차대사람 - 횡단중,신호위반,포장 - 건조,맑음,교차로 - 교차로안,이륜,남,71세,경상,보행자,여,70세,중상
2149,2019052900100529,2019년 5월 29일 17시,수요일,대전광역시 서구 둔산동,경상사고,0,0,1,0,차대사람 - 기타,보행자보호의무위반,포장 - 건조,맑음,교차로 - 교차로부근,승용,여,62세,상해없음,보행자,남,55세,경상
2150,2019053000100036,2019년 5월 30일 00시,목요일,대전광역시 서구 복수동,경상사고,0,0,1,0,차대사람 - 횡단중,신호위반,포장 - 건조,맑음,교차로 - 교차로안,승용,남,33세,기타불명,보행자,남,34세,경상
2151,2019053000100081,2019년 5월 30일 04시,목요일,대전광역시 대덕구 목상동,중상사고,0,1,0,0,차대사람 - 기타,안전운전불이행,포장 - 건조,맑음,단일로 - 기타,승용,남,66세,상해없음,보행자,남,33세,중상
2152,2019053000100103,2019년 5월 30일 06시,목요일,대전광역시 서구 둔산동,경상사고,0,0,1,0,차대사람 - 기타,안전운전불이행,포장 - 건조,맑음,교차로 - 교차로부근,승용,남,40세,상해없음,보행자,여,24세,경상
2153,2019053000100120,2019년 5월 30일 07시,목요일,대전광역시 대덕구 석봉동,중상사고,0,1,0,0,차대사람 - 차도통행중,안전운전불이행,포장 - 건조,맑음,단일로 - 기타,승용,여,50세,상해없음,보행자,여,79세,중상
2154,2019053000100357,2019년 5월 30일 14시,목요일,대전광역시 동구 가양동,중상사고,0,1,0,0,차대사람 - 기타,안전운전불이행,포장 - 건조,맑음,교차로 - 교차로부근,승용,남,19세,상해없음,보행자,남,72세,중상
2155,2019053000100497,2019년 5월 30일 18시,목요일,대전광역시 중구 유천동,중상사고,0,1,0,0,차대사람 - 횡단중,신호위반,포장 - 건조,맑음,교차로 - 교차로횡단보도내,승용,남,62세,상해없음,보행자,여,75세,중상
2156,2019053100100052,2019년 5월 31일 00시,금요일,대전광역시 유성구 원신흥동,중상사고,0,1,0,0,차대사람 - 횡단중,안전운전불이행,포장 - 건조,맑음,교차로 - 교차로횡단보도내,승용,여,35세,상해없음,보행자,남,40세,중상
2157,2019053100100268,2019년 5월 31일 11시,금요일,대전광역시 서구 내동,중상사고,0,1,0,0,차대사람 - 횡단중,안전운전불이행,포장 - 건조,맑음,단일로 - 기타,이륜,남,22세,상해없음,보행자,남,87세,중상
2158,2019053100100541,2019년 5월 31일 17시,금요일,대전광역시 중구 대흥동,사망사고,1,0,0,0,차대사람 - 횡단중,안전운전불이행,포장 - 건조,맑음,단일로 - 기타,승용,남,45세,상해없음,보행자,여,85세,사망
2159,2019053100100542,2019년 5월 31일 17시,금요일,대전광역시 동구 성남동,경상사고,0,0,1,0,차대사람 - 기타,기타,포장 - 건조,맑음,기타 - 기타,자전거,남,47세,상해없음,보행자,여,36세,경상
2160,2019053100100607,2019년 5월 31일 18시,금요일,대전광역시 중구 중촌동,중상사고,0,1,0,0,차대사람 - 차도통행중,안전운전불이행,포장 - 건조,맑음,단일로 - 교량,승용,여,43세,상해없음,보행자,남,74세,중상
2161,2019053100100608,2019년 5월 31일 18시,금요일,대전광역시 유성구 봉명동,경상사고,0,0,1,0,차대사람 - 횡단중,보행자보호의무위반,포장 - 건조,맑음,교차로 - 교차로횡단보도내,이륜,남,29세,상해없음,보행자,여,52세,경상
2162,2019053100100766,2019년 5월 31일 22시,금요일,대전광역시 중구 오류동,경상사고,0,0,1,0,차대사람 - 기타,기타,포장 - 건조,맑음,교차로 - 교차로부근,승용,남,71세,상해없음,보행자,여,26세,경상
2163,2019053100100799,2019년 5월 31일 23시,금요일,대전광역시 서구 갈마동,경상사고,0,0,1,0,차대사람 - 기타,안전운전불이행,포장 - 건조,맑음,단일로 - 기타,기타불명,기타불명,미분류,기타불명,보행자,여,54세,경상