,사고번호,사고일시,요일,시군구,사고내용,사망자수,중상자수,경상자수,부상신고자수,사고유형,법규위반,노면상태,기상상태,도로형태,가해운전자 차종,가해운전자 성별,가해운전자 연령,가해운전자 상해정도,피해운전자 차종,피해운전자 성별,피해운전자 연령,피해운전자 상해정도
2959,2019112900100294,2019년 11월 29일 11시,금요일,대전광역시 동구 대동,중상사고,0,1,0,0,차대사람 - 횡단중,안전운전불이행,포장 - 건조,맑음,교차로 - 교차로횡단보도내,승용,남,67세,상해없음,보행자,여,19세,중상
2960,2019112900100323,2019년 11월 29일 12시,금요일,대전광역시 서구 둔산동,중상사고,0,1,0,0,차대사람 - 기타,안전운전불이행,포장 - 건조,맑음,단일로 - 기타,승용,여,41세,상해없음,보행자,남,56세,중상
2961,2019112900100365,2019년 11월 29일 13시,금요일,대전광역시 중구 유천동,경상사고,0,0,1,0,차대사람 - 기타,신호위반,포장 - 건조,맑음,교차로 - 교차로안,승용,남,79세,상해없음,보행자,남,47세,경상
2962,2019112900100574,2019년 11월 29일 17시,금요일,대전광역시 중구 대흥동,중상사고,0,1,0,0,차대사람 - 횡단중,안전운전불이행,포장 - 건조,맑음,단일로 - 기타,승용,남,60세,상해없음,보행자,남,61세,중상
2963,2019112900100577,2019년 11월 29일 17시,금요일,대전광역시 서구 둔산동,경상사고,0,0,1,0,차대사람 - 기타,안전운전불이행,포장 - 건조,맑음,단일로 - 기타,승용,남,72세,상해없음,보행자,여,80세,경상
2964,2019112900100652,2019년 11월 29일 18시,금요일,대전광역시 서구 괴정동,중상사고,0,1,0,0,차대사람 - 횡단중,안전운전불이행,포장 - 건조,맑음,단일로 - 기타,이륜,남,60세,상해없음,보행자,여,76세,중상
2965,2019112900100707,2019년 11월 29일 19시,금요일,대전광역시 서구 가수원동,중상사고,0,1,0,0,차대사람 - 횡단중,안전운전불이행,포장 - 건조,맑음,교차로 - 교차로안,승용,남,63세,상해없음,보행자,여,85세,중상
2966,2019113000100134,2019년 11월 30일 06시,토요일,대전광역시 동구 가양동,중상사고,0,1,0,0,차대사람 - 차도통행중,안전운전불이행,포장 - 건조,맑음,교차로 - 교차로안,승용,남,22세,상해없음,보행자,여,63세,중상
2967,2019113000100274,2019년 11월 30일 11시,토요일,대전광역시 중구 문화동,경상사고,0,0,1,0,차대사람 - 횡단중,안전운전불이행,포장 - 건조,맑음,단일로 - 기타,승용,남,60세,기타불명,보행자,여,16세,경상
2968,2019120100100064,2019년 12월 1일 01시,일요일,대전광역시 서구 월평동,중상사고,0,1,0,0,차대사람 - 기타,안전운전불이행,포장 - 건조,맑음,교차로 - 교차로횡단보도내,승용,남,53세,상해없음,보행자,남,57세,중상
2969,2019120100100205,2019년 12월 1일 11시,일요일,대전광역시 중구 산성동,중상사고,0,1,0,0,차대사람 - 차도통행중,안전운전불이행,포장 - 건조,맑음,교차로 - 교차로안,화물,남,45세,상해없음,보행자,여,77세,중상
2970,2019120100100332,2019년 12월 1일 15시,일요일,대전광역시 서구 둔산동,경상사고,0,0,1,0,차대사람 - 기타,안전운전불이행,포장 - 젖음/습기,비,단일로 - 기타,승용,남,24세,상해없음,보행자,남,28세,경상
2971,2019120100100509,2019년 12월 1일 19시,일요일,대전광역시 서구 갈마동,경상사고,0,0,1,0,차대사람 - 길가장자리구역통행중,안전운전불이행,포장 - 젖음/습기,비,단일로 - 기타,승용,남,29세,상해없음,보행자,여,52세,경상
2972,2019120100100535,2019년 12월 1일 20시,일요일,대전광역시 동구 판암동,사망사고,1,0,0,0,차대사람 - 횡단중,안전운전불이행,포장 - 젖음/습기,비,단일로 - 기타,승용,남,33세,상해없음,보행자,남,72세,사망
2973,2019120200100093,2019년 12월 2일 07시,월요일,대전광역시 유성구 구암동,중상사고,0,1,0,0,차대사람 - 기타,안전운전불이행,포장 - 젖음/습기,비,단일로 - 기타,승용,남,37세,상해없음,보행자,남,72세,중상
2974,2019120200100526,2019년 12월 2일 18시,월요일,대전광역시 서구 갈마동,경상사고,0,0,1,0,차대사람 - 횡단중,보행자보호의무위반,포장 - 건조,맑음,교차로 - 교차로횡단보도내,승용,남,57세,상해없음,보행자,남,15세,경상
2975,2019120300100153,2019년 12월 3일 08시,화요일,대전광역시 동구 소제동,중상사고,0,1,0,0,차대사람 - 기타,안전운전불이행,포장 - 건조,맑음,교차로 - 교차로안,승용,남,27세,상해없음,보행자,여,77세,중상
2976,2019120300100529,2019년 12월 3일 18시,화요일,대전광역시 대덕구 송촌동,경상사고,0,0,1,0,차대사람 - 횡단중,보행자보호의무위반,포장 - 건조,맑음,교차로 - 교차로횡단보도내,승용,남,44세,상해없음,보행자,여,49세,경상
2977,2019120300100530,2019년 12월 3일 18시,화요일,대전광역시 서구 갈마동,경상사고,0,0,1,0,차대사람 - 횡단중,안전운전불이행,포장 - 건조,맑음,교차로 - 교차로횡단보도내,승합,남,53세,상해없음,보행자,여,71세,경상
2978,2019120300100561,2019년 12월 3일 19시,화요일,대전광역시 동구 홍도동,경상사고,0,0,1,0,차대사람 - 차도통행중,안전운전불이행,포장 - 건조,맑음,단일로 - 기타,승용,여,22세,상해없음,보행자,남,31세,경상
2979,2019120300100589,2019년 12월 3일 20시,화요일,대전광역시 서구 내동,경상사고,0,0,1,0,차대사람 - 기타,보행자보호의무위반,포장 - 건조,맑음,교차로 - 교차로부근,승용,남,43세,상해없음,보행자,남,63세,경상
2980,2019120400100560,2019년 12월 4일 17시,수요일,대전광역시 중구 목동,경상사고,0,0,1,0,차대사람 - 기타,안전운전불이행,포장 - 건조,맑음,단일로 - 기타,승용,남,60세,상해없음,보행자,여,51세,경상
2981,2019120400100612,2019년 12월 4일 18시,수요일,대전광역시 중구 산성동,경상사고,0,0,1,0,차대사람 - 기타,기타,포장 - 건조,맑음,단일로 - 기타,승용,여,44세,상해없음,보행자,여,74세,경상
2982,2019120400100651,2019년 12월 4일 19시,수요일,대전광역시 서구 둔산동,경상사고,0,0,1,0,차대사람 - 보도통행중,보행자보호의무위반,포장 - 건조,맑음,교차로 - 교차로횡단보도내,승합,남,59세,상해없음,보행자,남,10세,경상
2983,2019120500100044,2019년 12월 5일 00시,목요일,대전광역시 대덕구 송촌동,경상사고,0,0,1,0,차대사람 - 기타,안전운전불이행,포장 - 건조,맑음,단일로 - 기타,승용,남,31세,상해없음,보행자,남,54세,경상
2984,2019120500100075,2019년 12월 5일 04시,목요일,대전광역시 중구 석교동,중상사고,0,1,0,0,차대사람 - 기타,안전운전불이행,포장 - 건조,맑음,단일로 - 기타,승합,남,51세,상해없음,보행자,남,60세,중상
2985,2019120500100323,2019년 12월 5일 13시,목요일,대전광역시 중구 중촌동,중상사고,0,1,0,0,차대사람 - 횡단중,신호위반,포장 - 건조,맑음,교차로 - 교차로안,승용,여,59세,상해없음,보행자,여,44세,중상
2986,2019120500100490,2019년 12월 5일 17시,목요일,대전광역시 대덕구 비래동,경상사고,0,0,1,0,차대사람 - 기타,안전운전불이행,포장 - 건조,맑음,교차로 - 교차로안,승용,남,45세,상해없음,보행자,남,55세,경상
2987,2019120500100552,2019년 12월 5일 18시,목요일,대전광역시 유성구 지족동,중상사고,0,1,0,0,차대사람 - 횡단중,신호위반,포장 - 건조,맑음,교차로 - 교차로횡단보도내,승용,남,69세,상해없음,보행자,남,51세,중상
2988,2019120500100587,2019년 12월 5일 19시,목요일,대전광역시 대덕구 덕암동,사망사고,1,0,0,0,차대사람 - 횡단중,신호위반,포장 - 건조,맑음,교차로 - 교차로횡단보도내,승용,남,52세,상해없음,보행자,여,52세,사망
2989,2019120500100588,2019년 12월 5일 19시,목요일,대전광역시 서구 탄방동,중상사고,0,1,0,0,차대사람 - 횡단중,보행자보호의무위반,포장 - 건조,맑음,교차로 - 교차로횡단보도내,승용,여,46세,상해없음,보행자,남,63세,중상
2990,2019120500100619,2019년 12월 5일 20시,목요일,대전광역시 동구 홍도동,중상사고,0,1,0,0,차대사람 - 기타,안전운전불이행,포장 - 건조,맑음,교차로 - 교차로안,승용,남,26세,상해없음,보행자,여,66세,중상
2991,2019120600100113,2019년 12월 6일 07시,금요일,대전광역시 대덕구 신일동,중상사고,0,1,0,0,차대사람 - 기타,신호위반,포장 - 건조,맑음,교차로 - 교차로횡단보도내,승용,남,62세,상해없음,보행자,여,50세,중상
2992,2019120600100444,2019년 12월 6일 16시,금요일,대전광역시 서구 괴정동,중상사고,0,1,0,0,차대사람 - 기타,안전운전불이행,포장 - 건조,맑음,단일로 - 기타,화물,남,54세,상해없음,보행자,여,57세,중상
2993,2019120600100445,2019년 12월 6일 16시,금요일,대전광역시 대덕구 법동,경상사고,0,0,1,0,차대사람 - 기타,교차로운행방법위반,포장 - 건조,맑음,교차로 - 교차로안,승용,여,54세,상해없음,보행자,남,62세,경상
2994,2019120600100627,2019년 12월 6일 19시,금요일,대전광역시 서구 월평동,중상사고,0,1,0,0,차대사람 - 기타,보행자보호의무위반,포장 - 건조,맑음,교차로 - 교차로횡단보도내,이륜,남,21세,상해없음,보행자,남,59세,중상
2995,2019120600100664,2019년 12월 6일 20시,금요일,대전광역시 중구 태평동,경상사고,0,0,1,0,차대사람 - 기타,기타,포장 - 건조,맑음,기타 - 기타,승용,남,48세,상해없음,보행자,여,24세,경상
2996,2019120600100759,2019년 12월 6일 23시,금요일,대전광역시 중구 부사동,경상사고,0,0,1,0,차대사람 - 기타,안전운전불이행,포장 - 건조,맑음,단일로 - 기타,화물,남,56세,상해없음,보행자,여,44세,경상
2997,2019120700100131,2019년 12월 7일 07시,토요일,대전광역시 서구 둔산동,경상사고,0,0,1,0,차대사람 - 기타,안전운전불이행,포장 - 건조,맑음,단일로 - 기타,화물,남,50세,상해없음,보행자,남,23세,경상
2998,2019120700100414,2019년 12월 7일 16시,토요일,대전광역시 유성구 봉명동,경상사고,0,0,1,0,차대사람 - 횡단중,안전운전불이행,포장 - 건조,맑음,단일로 - 기타,승용,남,44세,상해없음,보행자,여,5세,경상
2999,2019120700100508,2019년 12월 7일 18시,토요일,대전광역시 중구 대사동,경상사고,0,0,1,0,차대사람 - 보도통행중,기타,포장 - 건조,맑음,단일로 - 터널,승합,남,44세,상해없음,보행자,남,68세,경상
3000,2019120700100509,2019년 12월 7일 18시,토요일,대전광역시 중구 태평동,중상사고,0,1,0,0,차대사람 - 횡단중,안전운전불이행,포장 - 건조,맑음,교차로 - 교차로부근,화물,남,47세,상해없음,보행자,남,56세,중상
3001,2019120700100511,2019년 12월 7일 18시,토요일,대전광역시 서구 가수원동,중상사고,0,1,0,0,차대사람 - 횡단중,안전운전불이행,포장 - 건조,맑음,교차로 - 교차로부근,이륜,남,16세,상해없음,보행자,여,74세,중상
3002,2019120700100635,2019년 12월 7일 21시,토요일,대전광역시 서구 관저동,경상사고,0,0,1,0,차대사람 - 기타,보행자보호의무위반,포장 - 건조,맑음,교차로 - 교차로횡단보도내,승용,남,50세,상해없음,보행자,여,21세,경상
3003,2019120800100041,2019년 12월 8일 00시,일요일,대전광역시 서구 탄방동,중상사고,0,1,0,0,차대사람 - 횡단중,보행자보호의무위반,포장 - 건조,맑음,교차로 - 교차로부근,승용,남,33세,상해없음,보행자,남,34세,중상
3004,2019120800100247,2019년 12월 8일 12시,일요일,대전광역시 서구 월평동,경상사고,0,0,1,0,차대사람 - 길가장자리구역통행중,안전운전불이행,포장 - 건조,맑음,단일로 - 기타,승용,여,65세,상해없음,보행자,여,21세,경상
3005,2019120800100358,2019년 12월 8일 16시,일요일,대전광역시 서구 도마동,중상사고,0,1,0,0,차대사람 - 차도통행중,안전운전불이행,포장 - 건조,맑음,단일로 - 기타,개인형이동수단(PM),여,50세,상해없음,보행자,여,64세,중상
3006,2019120800100442,2019년 12월 8일 19시,일요일,대전광역시 대덕구 중리동,중상사고,0,1,0,0,차대사람 - 횡단중,안전운전불이행,포장 - 건조,맑음,단일로 - 기타,이륜,남,25세,기타불명,보행자,여,63세,중상
3007,2019120800100465,2019년 12월 8일 20시,일요일,대전광역시 유성구 궁동,경상사고,0,0,1,0,차대사람 - 횡단중,신호위반,포장 - 건조,맑음,교차로 - 교차로횡단보도내,이륜,남,29세,상해없음,보행자,여,28세,경상
3008,2019120900100097,2019년 12월 9일 06시,월요일,대전광역시 유성구 덕명동,경상사고,0,0,1,0,차대사람 - 차도통행중,안전운전불이행,포장 - 건조,맑음,교차로 - 교차로부근,승용,여,41세,상해없음,보행자,남,25세,경상
3009,2019120900100198,2019년 12월 9일 09시,월요일,대전광역시 서구 도마동,중상사고,0,1,0,0,차대사람 - 횡단중,보행자보호의무위반,포장 - 건조,맑음,교차로 - 교차로안,승합,남,76세,상해없음,보행자,여,64세,중상
3010,2019120900100294,2019년 12월 9일 12시,월요일,대전광역시 유성구 지족동,경상사고,0,0,1,0,차대사람 - 기타,안전운전불이행,포장 - 건조,맑음,단일로 - 기타,승용,여,60세,상해없음,보행자,남,32세,경상
3011,2019120900100365,2019년 12월 9일 14시,월요일,대전광역시 대덕구 중리동,경상사고,0,0,1,0,차대사람 - 횡단중,보행자보호의무위반,포장 - 기타,맑음,교차로 - 교차로횡단보도내,승용,남,55세,상해없음,보행자,남,59세,경상
3012,2019120900100590,2019년 12월 9일 20시,월요일,대전광역시 동구 낭월동,사망사고,1,0,0,0,차대사람 - 기타,안전운전불이행,포장 - 건조,맑음,교차로 - 교차로횡단보도내,승용,남,47세,상해없음,보행자,남,75세,사망
3013,2019120900100591,2019년 12월 9일 20시,월요일,대전광역시 서구 둔산동,중상사고,0,1,0,0,차대사람 - 보도통행중,보행자보호의무위반,포장 - 건조,맑음,교차로 - 교차로안,승용,남,34세,상해없음,보행자,남,47세,중상
3014,2019121000100394,2019년 12월 10일 15시,화요일,대전광역시 유성구 도룡동,경상사고,0,0,1,0,차대사람 - 횡단중,보행자보호의무위반,포장 - 건조,맑음,단일로 - 기타,승용,남,63세,상해없음,보행자,여,32세,경상
3015,2019121000100483,2019년 12월 10일 17시,화요일,대전광역시 중구 사정동,중상사고,0,1,0,0,차대사람 - 보도통행중,기타,포장 - 건조,맑음,교차로 - 교차로부근,승용,남,54세,상해없음,보행자,여,73세,중상
3016,2019121000100550,2019년 12월 10일 18시,화요일,대전광역시 동구 용전동,경상사고,0,0,1,0,차대사람 - 기타,안전운전불이행,포장 - 건조,맑음,교차로 - 교차로안,이륜,남,26세,상해없음,보행자,남,29세,경상
3017,2019121100100042,2019년 12월 11일 00시,수요일,대전광역시 서구 둔산동,경상사고,0,0,1,0,차대사람 - 기타,안전운전불이행,포장 - 건조,맑음,단일로 - 기타,승용,남,45세,상해없음,보행자,남,21세,경상
3018,2019121100100099,2019년 12월 11일 06시,수요일,대전광역시 중구 유천동,경상사고,0,0,1,0,차대사람 - 기타,교차로운행방법위반,포장 - 건조,맑음,교차로 - 교차로부근,화물,남,61세,상해없음,보행자,여,75세,경상
3019,2019121100100518,2019년 12월 11일 18시,수요일,대전광역시 서구 갈마동,중상사고,0,1,0,0,차대사람 - 횡단중,안전운전불이행,포장 - 건조,맑음,교차로 - 교차로안,승합,남,82세,상해없음,보행자,여,51세,중상
3020,2019121200100287,2019년 12월 12일 11시,목요일,대전광역시 서구 괴정동,부상신고사고,0,0,0,1,차대사람 - 기타,안전운전불이행,포장 - 건조,맑음,교차로 - 교차로부근,승용,여,65세,상해없음,보행자,남,56세,부상신고
3021,2019121300100644,2019년 12월 13일 19시,금요일,대전광역시 대덕구 상서동,중상사고,0,1,0,0,차대사람 - 횡단중,안전운전불이행,포장 - 건조,맑음,단일로 - 기타,승용,남,34세,상해없음,보행자,여,66세,중상
3022,2019121300100755,2019년 12월 13일 22시,금요일,대전광역시 서구 괴정동,경상사고,0,0,1,0,차대사람 - 기타,안전운전불이행,포장 - 건조,맑음,단일로 - 기타,승용,남,41세,상해없음,보행자,남,52세,경상
3023,2019121400100366,2019년 12월 14일 12시,토요일,대전광역시 서구 복수동,중상사고,0,1,0,0,차대사람 - 기타,안전운전불이행,포장 - 건조,맑음,단일로 - 기타,자전거,남,22세,상해없음,보행자,여,71세,중상
3024,2019121400100408,2019년 12월 14일 13시,토요일,대전광역시 대덕구 읍내동,경상사고,0,0,1,0,차대사람 - 기타,기타,포장 - 건조,맑음,단일로 - 기타,승합,남,59세,기타불명,보행자,여,62세,경상
3025,2019121400100409,2019년 12월 14일 13시,토요일,대전광역시 유성구 구암동,경상사고,0,0,1,0,차대사람 - 기타,안전운전불이행,포장 - 건조,맑음,단일로 - 기타,화물,남,27세,상해없음,보행자,남,76세,경상
3026,2019121400100643,2019년 12월 14일 18시,토요일,대전광역시 동구 정동,경상사고,0,0,1,0,차대사람 - 횡단중,안전운전불이행,포장 - 건조,맑음,기타 - 기타,승용,여,42세,상해없음,보행자,여,58세,경상
3027,2019121400100691,2019년 12월 14일 19시,토요일,대전광역시 중구 문화동,경상사고,0,0,2,0,차대사람 - 횡단중,안전운전불이행,포장 - 건조,맑음,교차로 - 교차로부근,승용,남,44세,상해없음,보행자,여,1세,경상
3028,2019121400100783,2019년 12월 14일 22시,토요일,대전광역시 중구 부사동,경상사고,0,0,1,0,차대사람 - 횡단중,안전운전불이행,포장 - 건조,맑음,단일로 - 기타,승용,남,63세,상해없음,보행자,남,57세,경상
3029,2019121400100784,2019년 12월 14일 22시,토요일,대전광역시 중구 대사동,부상신고사고,0,0,0,1,차대사람 - 기타,안전운전불이행,포장 - 건조,맑음,교차로 - 교차로부근,승합,남,58세,상해없음,보행자,여,57세,부상신고
3030,2019121400100785,2019년 12월 14일 22시,토요일,대전광역시 대덕구 중리동,경상사고,0,0,1,0,차대사람 - 기타,안전운전불이행,포장 - 건조,기타,단일로 - 기타,승용,여,43세,상해없음,보행자,남,58세,경상
3031,2019121500100031,2019년 12월 15일 00시,일요일,대전광역시 서구 둔산동,경상사고,0,0,1,0,차대사람 - 기타,안전운전불이행,포장 - 건조,맑음,교차로 - 교차로안,승용,남,25세,상해없음,보행자,남,29세,경상
3032,2019121500100047,2019년 12월 15일 01시,일요일,대전광역시 중구 태평동,중상사고,0,1,2,0,차대사람 - 횡단중,보행자보호의무위반,포장 - 건조,맑음,교차로 - 교차로횡단보도내,승용,남,51세,상해없음,보행자,남,57세,중상
3033,2019121500100048,2019년 12월 15일 01시,일요일,대전광역시 대덕구 중리동,중상사고,0,1,0,0,차대사람 - 기타,보행자보호의무위반,포장 - 건조,기타,교차로 - 교차로횡단보도내,승용,남,72세,상해없음,보행자,남,49세,중상
3034,2019121500100166,2019년 12월 15일 09시,일요일,대전광역시 중구 목동,경상사고,0,0,1,0,차대사람 - 횡단중,신호위반,포장 - 건조,맑음,단일로 - 기타,승용,여,72세,상해없음,보행자,여,74세,경상
3035,2019121500100494,2019년 12월 15일 20시,일요일,대전광역시 서구 탄방동,중상사고,0,1,2,0,차대사람 - 횡단중,안전운전불이행,포장 - 건조,맑음,단일로 - 기타,이륜,남,42세,중상,보행자,남,42세,경상
3036,2019121600100077,2019년 12월 16일 05시,월요일,대전광역시 대덕구 읍내동,경상사고,0,0,1,0,차대사람 - 기타,신호위반,포장 - 젖음/습기,흐림,교차로 - 교차로안,승용,남,67세,상해없음,보행자,남,57세,경상
3037,2019121600100337,2019년 12월 16일 13시,월요일,대전광역시 중구 오류동,경상사고,0,0,1,0,차대사람 - 차도통행중,안전운전불이행,포장 - 건조,맑음,교차로 - 교차로안,승용,여,53세,상해없음,보행자,남,34세,경상
3038,2019121600100565,2019년 12월 16일 18시,월요일,대전광역시 서구 둔산동,중상사고,0,1,0,0,차대사람 - 횡단중,보행자보호의무위반,포장 - 건조,맑음,단일로 - 기타,승용,남,52세,상해없음,보행자,여,28세,중상
3039,2019121600100644,2019년 12월 16일 21시,월요일,대전광역시 중구 부사동,경상사고,0,0,1,0,차대사람 - 기타,안전운전불이행,포장 - 건조,맑음,교차로 - 교차로부근,승용,남,33세,상해없음,보행자,남,53세,경상
3040,2019121600100646,2019년 12월 16일 21시,월요일,대전광역시 동구 용운동,경상사고,0,0,1,0,차대사람 - 길가장자리구역통행중,안전운전불이행,포장 - 건조,맑음,단일로 - 기타,승용,여,47세,상해없음,보행자,남,44세,경상
3041,2019121700100191,2019년 12월 17일 09시,화요일,대전광역시 대덕구 오정동,경상사고,0,0,1,0,차대사람 - 기타,안전운전불이행,포장 - 젖음/습기,비,단일로 - 기타,승용,남,65세,상해없음,보행자,남,23세,경상
3042,2019121700100652,2019년 12월 17일 23시,화요일,대전광역시 동구 판암동,중상사고,0,1,0,0,차대사람 - 기타,안전운전불이행,포장 - 건조,맑음,단일로 - 기타,승용,남,62세,상해없음,보행자,남,24세,중상
3043,2019121800100184,2019년 12월 18일 10시,수요일,대전광역시 유성구 봉명동,중상사고,0,1,0,0,차대사람 - 기타,안전운전불이행,포장 - 건조,맑음,단일로 - 기타,화물,남,50세,상해없음,보행자,남,46세,중상
3044,2019121800100367,2019년 12월 18일 16시,수요일,대전광역시 동구 가오동,경상사고,0,0,1,0,차대사람 - 횡단중,보행자보호의무위반,포장 - 건조,맑음,교차로 - 교차로횡단보도내,승용,여,50세,상해없음,보행자,남,71세,경상
3045,2019121800100464,2019년 12월 18일 18시,수요일,대전광역시 중구 선화동,경상사고,0,0,1,0,차대사람 - 기타,안전운전불이행,포장 - 건조,맑음,단일로 - 기타,승용,남,50세,상해없음,보행자,여,65세,경상
3046,2019121800100513,2019년 12월 18일 19시,수요일,대전광역시 서구 둔산동,경상사고,0,0,1,0,차대사람 - 기타,신호위반,포장 - 건조,맑음,교차로 - 교차로안,승용,남,62세,상해없음,보행자,여,26세,경상
3047,2019121800100596,2019년 12월 18일 22시,수요일,대전광역시 유성구 봉명동,중상사고,0,1,0,0,차대사람 - 차도통행중,안전운전불이행,포장 - 건조,맑음,단일로 - 기타,승용,남,54세,상해없음,보행자,남,58세,중상
3048,2019121900100159,2019년 12월 19일 08시,목요일,대전광역시 서구 정림동,경상사고,0,0,1,0,차대사람 - 길가장자리구역통행중,안전운전불이행,포장 - 건조,맑음,단일로 - 기타,승용,여,51세,상해없음,보행자,남,15세,경상
3049,2019121900100359,2019년 12월 19일 14시,목요일,대전광역시 동구 정동,경상사고,0,0,1,0,차대사람 - 기타,보행자보호의무위반,포장 - 건조,맑음,교차로 - 교차로횡단보도내,승용,남,50세,상해없음,보행자,남,50세,경상
3050,2019121900100544,2019년 12월 19일 18시,목요일,대전광역시 동구 가양동,경상사고,0,0,1,0,차대사람 - 차도통행중,안전운전불이행,포장 - 건조,맑음,단일로 - 기타,승용,남,57세,상해없음,보행자,여,68세,경상
3051,2019121900100545,2019년 12월 19일 18시,목요일,대전광역시 서구 둔산동,경상사고,0,0,1,0,차대사람 - 기타,안전운전불이행,포장 - 건조,맑음,기타 - 기타,승용,남,30세,상해없음,보행자,여,28세,경상
3052,2019121900100651,2019년 12월 19일 21시,목요일,대전광역시 유성구 대정동,경상사고,0,0,1,0,차대사람 - 횡단중,안전운전불이행,포장 - 건조,맑음,단일로 - 기타,승용,여,54세,상해없음,보행자,여,21세,경상
3053,2019122000100144,2019년 12월 20일 08시,금요일,대전광역시 동구 중동,경상사고,0,0,1,0,차대사람 - 횡단중,보행자보호의무위반,포장 - 건조,맑음,교차로 - 교차로횡단보도내,승용,여,69세,상해없음,보행자,남,17세,경상
3054,2019122000100302,2019년 12월 20일 13시,금요일,대전광역시 동구 인동,경상사고,0,0,1,0,차대사람 - 기타,안전운전불이행,포장 - 건조,맑음,단일로 - 기타,승용,남,66세,상해없음,보행자,남,51세,경상
3055,2019122000100705,2019년 12월 20일 22시,금요일,대전광역시 동구 자양동,경상사고,0,0,1,0,차대사람 - 기타,보행자보호의무위반,포장 - 건조,맑음,교차로 - 교차로횡단보도내,승용,남,63세,기타불명,보행자,여,58세,경상
3056,2019122100100211,2019년 12월 21일 10시,토요일,대전광역시 서구 변동,중상사고,0,1,0,0,차대사람 - 기타,안전운전불이행,포장 - 건조,맑음,단일로 - 기타,승용,남,59세,상해없음,보행자,여,85세,중상
3057,2019122100100371,2019년 12월 21일 15시,토요일,대전광역시 동구 용전동,중상사고,0,1,0,0,차대사람 - 차도통행중,안전운전불이행,포장 - 건조,맑음,단일로 - 기타,승용,여,51세,상해없음,보행자,여,20세,중상
3058,2019122100100372,2019년 12월 21일 15시,토요일,대전광역시 대덕구 오정동,경상사고,0,0,1,0,차대사람 - 차도통행중,안전운전불이행,포장 - 건조,맑음,단일로 - 기타,승용,남,63세,상해없음,보행자,남,21세,경상
3059,2019122100100484,2019년 12월 21일 18시,토요일,대전광역시 동구 홍도동,중상사고,0,1,0,0,차대사람 - 기타,보행자보호의무위반,포장 - 건조,맑음,교차로 - 교차로안,화물,남,58세,상해없음,보행자,남,37세,중상
3060,2019122100100529,2019년 12월 21일 19시,토요일,대전광역시 중구 대흥동,경상사고,0,0,1,0,차대사람 - 기타,안전운전불이행,포장 - 건조,맑음,단일로 - 기타,승용,여,56세,상해없음,보행자,남,53세,경상
3061,2019122100100531,2019년 12월 21일 19시,토요일,대전광역시 동구 신흥동,중상사고,0,1,0,0,차대사람 - 횡단중,안전운전불이행,포장 - 건조,맑음,교차로 - 교차로부근,승용,남,53세,상해없음,보행자,여,63세,중상
3062,2019122100100613,2019년 12월 21일 22시,토요일,대전광역시 서구 둔산동,경상사고,0,0,1,0,차대사람 - 길가장자리구역통행중,안전운전불이행,포장 - 건조,맑음,단일로 - 기타,승용,남,22세,상해없음,보행자,여,26세,경상
3063,2019122200100095,2019년 12월 22일 03시,일요일,대전광역시 서구 갈마동,부상신고사고,0,0,0,1,차대사람 - 횡단중,안전운전불이행,포장 - 건조,맑음,단일로 - 기타,승용,남,40세,상해없음,보행자,여,29세,부상신고
3064,2019122200100224,2019년 12월 22일 12시,일요일,대전광역시 서구 도마동,중상사고,0,1,0,0,차대사람 - 기타,안전운전불이행,포장 - 건조,맑음,단일로 - 기타,화물,남,39세,상해없음,보행자,여,71세,중상
3065,2019122200100284,2019년 12월 22일 14시,일요일,대전광역시 유성구 장대동,중상사고,0,1,0,0,차대사람 - 횡단중,안전운전불이행,포장 - 건조,흐림,교차로 - 교차로안,화물,남,59세,상해없음,보행자,여,60세,중상
3066,2019122300100220,2019년 12월 23일 10시,월요일,대전광역시 서구 흑석동,중상사고,0,1,0,0,차대사람 - 기타,안전운전불이행,포장 - 건조,맑음,교차로 - 교차로안,화물,남,56세,상해없음,보행자,여,81세,중상
3067,2019122300100530,2019년 12월 23일 18시,월요일,대전광역시 서구 둔산동,경상사고,0,0,1,0,차대사람 - 횡단중,안전운전불이행,포장 - 건조,맑음,단일로 - 기타,이륜,남,24세,상해없음,보행자,여,25세,경상
3068,2019122300100567,2019년 12월 23일 19시,월요일,대전광역시 서구 만년동,중상사고,0,1,0,0,차대사람 - 횡단중,보행자보호의무위반,포장 - 건조,맑음,교차로 - 교차로안,승용,남,49세,상해없음,보행자,남,13세,중상
3069,2019122300100592,2019년 12월 23일 20시,월요일,대전광역시 서구 탄방동,경상사고,0,0,1,0,차대사람 - 차도통행중,안전운전불이행,포장 - 건조,맑음,단일로 - 기타,승용,여,59세,상해없음,보행자,남,50세,경상
3070,2019122400100138,2019년 12월 24일 07시,화요일,대전광역시 유성구 교촌동,중상사고,0,1,0,0,차대사람 - 횡단중,안전운전불이행,포장 - 건조,맑음,단일로 - 기타,특수,남,57세,상해없음,보행자,여,20세,중상
3071,2019122400100174,2019년 12월 24일 08시,화요일,대전광역시 대덕구 비래동,중상사고,0,1,0,0,차대사람 - 횡단중,보행자보호의무위반,포장 - 건조,맑음,교차로 - 교차로안,화물,남,63세,상해없음,보행자,여,75세,중상