,사고번호,사고일시,요일,시군구,사고내용,사망자수,중상자수,경상자수,부상신고자수,사고유형,법규위반,노면상태,기상상태,도로형태,가해운전자 차종,가해운전자 성별,가해운전자 연령,가해운전자 상해정도,피해운전자 차종,피해운전자 성별,피해운전자 연령,피해운전자 상해정도
3299,2020021400100611,2020년 2월 14일 21시,금요일,대전광역시 서구 월평동,경상사고,0,0,1,0,차대사람 - 기타,안전운전불이행,포장 - 건조,맑음,단일로 - 기타,승합,남,48세,상해없음,보행자,여,56세,경상
3300,2020021500100088,2020년 2월 15일 05시,토요일,대전광역시 서구 둔산동,경상사고,0,0,1,0,차대사람 - 차도통행중,안전운전불이행,포장 - 건조,맑음,단일로 - 기타,승용,남,22세,상해없음,보행자,남,27세,경상
3301,2020021500100107,2020년 2월 15일 07시,토요일,대전광역시 동구 신흥동,중상사고,0,1,0,0,차대사람 - 횡단중,신호위반,포장 - 건조,맑음,교차로 - 교차로횡단보도내,승용,남,69세,상해없음,보행자,여,68세,중상
3302,2020021500100325,2020년 2월 15일 15시,토요일,대전광역시 서구 관저동,중상사고,0,1,0,0,차대사람 - 기타,보행자보호의무위반,포장 - 건조,맑음,교차로 - 교차로횡단보도내,화물,남,55세,상해없음,보행자,여,52세,중상
3303,2020021500100445,2020년 2월 15일 18시,토요일,대전광역시 서구 가수원동,경상사고,0,0,1,0,차대사람 - 횡단중,보행자보호의무위반,포장 - 건조,맑음,교차로 - 교차로횡단보도내,승용,여,26세,상해없음,보행자,여,55세,경상
3304,2020021500100470,2020년 2월 15일 19시,토요일,대전광역시 중구 은행동,경상사고,0,0,1,0,차대사람 - 기타,안전운전불이행,포장 - 건조,맑음,단일로 - 기타,승용,여,31세,상해없음,보행자,남,50세,경상
3305,2020021500100543,2020년 2월 15일 21시,토요일,대전광역시 유성구 봉명동,경상사고,0,0,1,0,차대사람 - 횡단중,안전운전불이행,포장 - 젖음/습기,비,단일로 - 기타,승용,여,24세,상해없음,보행자,남,63세,경상
3306,2020021600100043,2020년 2월 16일 01시,일요일,대전광역시 서구 갈마동,경상사고,0,0,2,0,차대사람 - 보도통행중,신호위반,포장 - 젖음/습기,비,단일로 - 기타,이륜,남,29세,상해없음,보행자,남,32세,경상
3307,2020021600100102,2020년 2월 16일 04시,일요일,대전광역시 서구 둔산동,경상사고,0,0,1,0,차대사람 - 길가장자리구역통행중,안전운전불이행,포장 - 건조,맑음,단일로 - 기타,승용,남,23세,상해없음,보행자,남,22세,경상
3308,2020021600100216,2020년 2월 16일 12시,일요일,대전광역시 유성구 전민동,부상신고사고,0,0,0,1,차대사람 - 차도통행중,안전운전불이행,포장 - 젖음/습기,눈,교차로 - 교차로안,화물,남,37세,상해없음,보행자,남,56세,부상신고
3309,2020021700100006,2020년 2월 17일 00시,월요일,대전광역시 중구 대흥동,경상사고,0,0,1,0,차대사람 - 차도통행중,안전운전불이행,포장 - 건조,맑음,단일로 - 기타,승용,남,49세,상해없음,보행자,남,18세,경상
3310,2020021700100299,2020년 2월 17일 13시,월요일,대전광역시 서구 탄방동,경상사고,0,0,1,0,차대사람 - 기타,안전운전불이행,포장 - 건조,맑음,교차로 - 교차로안,승합,남,50세,상해없음,보행자,남,40세,경상
3311,2020021700100512,2020년 2월 17일 18시,월요일,대전광역시 서구 도마동,경상사고,0,0,1,0,차대사람 - 길가장자리구역통행중,안전운전불이행,포장 - 건조,맑음,단일로 - 기타,승용,남,58세,상해없음,보행자,여,78세,경상
3312,2020021700100558,2020년 2월 17일 19시,월요일,대전광역시 서구 용문동,경상사고,0,0,1,0,차대사람 - 기타,안전운전불이행,포장 - 서리/결빙,눈,단일로 - 기타,승용,남,55세,상해없음,보행자,남,59세,경상
3313,2020021700100612,2020년 2월 17일 20시,월요일,대전광역시 유성구 원내동,경상사고,0,0,1,0,차대사람 - 차도통행중,안전운전불이행,포장 - 건조,맑음,단일로 - 기타,기타불명,기타불명,미분류,기타불명,보행자,남,31세,경상
3314,2020021800100236,2020년 2월 18일 11시,화요일,대전광역시 중구 문화동,중상사고,0,1,0,0,차대사람 - 횡단중,안전운전불이행,포장 - 건조,맑음,교차로 - 교차로안,화물,남,25세,상해없음,보행자,여,73세,중상
3315,2020021800100237,2020년 2월 18일 11시,화요일,대전광역시 동구 용전동,중상사고,0,1,0,0,차대사람 - 횡단중,보행자보호의무위반,포장 - 건조,맑음,교차로 - 교차로부근,화물,남,58세,상해없음,보행자,남,82세,중상
3316,2020021800100274,2020년 2월 18일 12시,화요일,대전광역시 동구 효동,경상사고,0,0,1,0,차대사람 - 횡단중,보행자보호의무위반,포장 - 건조,맑음,단일로 - 기타,승용,남,46세,상해없음,보행자,남,81세,경상
3317,2020021800100311,2020년 2월 18일 13시,화요일,대전광역시 유성구 궁동,경상사고,0,0,1,0,차대사람 - 기타,기타,포장 - 건조,맑음,단일로 - 기타,승합,남,67세,상해없음,보행자,여,64세,경상
3318,2020021800100395,2020년 2월 18일 15시,화요일,대전광역시 동구 홍도동,경상사고,0,0,1,0,차대사람 - 횡단중,안전운전불이행,포장 - 건조,맑음,교차로 - 교차로부근,화물,남,50세,상해없음,보행자,남,69세,경상
3319,2020021800100630,2020년 2월 18일 19시,화요일,대전광역시 대덕구 송촌동,경상사고,0,0,1,0,차대사람 - 횡단중,안전운전불이행,포장 - 건조,맑음,단일로 - 기타,승용,남,61세,상해없음,보행자,남,52세,경상
3320,2020021800100680,2020년 2월 18일 20시,화요일,대전광역시 유성구 상대동,중상사고,0,1,0,0,차대사람 - 횡단중,안전운전불이행,포장 - 건조,맑음,교차로 - 교차로부근,승용,남,56세,상해없음,보행자,남,64세,중상
3321,2020021800100712,2020년 2월 18일 21시,화요일,대전광역시 동구 가양동,중상사고,0,1,0,0,차대사람 - 횡단중,신호위반,포장 - 건조,맑음,교차로 - 교차로안,이륜,남,19세,상해없음,보행자,여,25세,중상
3322,2020021900100037,2020년 2월 19일 02시,수요일,대전광역시 중구 대흥동,경상사고,0,0,1,0,차대사람 - 기타,안전운전불이행,포장 - 건조,맑음,단일로 - 기타,승용,남,22세,상해없음,보행자,남,24세,경상
3323,2020021900100160,2020년 2월 19일 09시,수요일,대전광역시 중구 중촌동,경상사고,0,0,1,0,차대사람 - 횡단중,신호위반,포장 - 건조,맑음,교차로 - 교차로횡단보도내,건설기계,남,56세,상해없음,보행자,여,20세,경상
3324,2020021900100483,2020년 2월 19일 17시,수요일,대전광역시 유성구 어은동,경상사고,0,0,1,0,차대사람 - 횡단중,중앙선침범,포장 - 건조,맑음,단일로 - 기타,승용,여,58세,상해없음,보행자,남,56세,경상
3325,2020022000100619,2020년 2월 20일 20시,목요일,대전광역시 동구 가양동,중상사고,0,1,0,0,차대사람 - 횡단중,안전운전불이행,포장 - 건조,맑음,단일로 - 기타,승용,여,20세,상해없음,보행자,남,90세,중상
3326,2020022000100706,2020년 2월 20일 23시,목요일,대전광역시 대덕구 중리동,사망사고,1,0,0,0,차대사람 - 차도통행중,안전운전불이행,포장 - 건조,맑음,단일로 - 기타,승용,남,24세,상해없음,보행자,남,39세,사망
3327,2020022100100095,2020년 2월 21일 06시,금요일,대전광역시 서구 탄방동,경상사고,0,0,1,0,차대사람 - 기타,안전운전불이행,포장 - 건조,흐림,단일로 - 기타,승용,남,49세,상해없음,보행자,남,34세,경상
3328,2020022100100159,2020년 2월 21일 08시,금요일,대전광역시 중구 유천동,중상사고,0,1,0,0,차대사람 - 보도통행중,기타,포장 - 젖음/습기,흐림,단일로 - 기타,개인형이동수단(PM),남,31세,상해없음,보행자,여,73세,중상
3329,2020022100100192,2020년 2월 21일 09시,금요일,대전광역시 서구 탄방동,경상사고,0,0,1,0,차대사람 - 기타,안전운전불이행,포장 - 건조,맑음,단일로 - 기타,승용,남,31세,상해없음,보행자,남,33세,경상
3330,2020022100100193,2020년 2월 21일 09시,금요일,대전광역시 서구 갈마동,중상사고,0,1,1,0,차대사람 - 횡단중,보행자보호의무위반,포장 - 건조,맑음,단일로 - 기타,승용,남,45세,상해없음,보행자,여,20세,중상
3331,2020022100100244,2020년 2월 21일 11시,금요일,대전광역시 서구 갈마동,경상사고,0,0,1,0,차대사람 - 차도통행중,안전운전불이행,포장 - 건조,맑음,단일로 - 기타,승용,남,48세,상해없음,보행자,여,62세,경상
3332,2020022100100305,2020년 2월 21일 13시,금요일,대전광역시 중구 산성동,경상사고,0,0,1,0,차대사람 - 기타,안전운전불이행,포장 - 건조,맑음,단일로 - 기타,승용,남,43세,상해없음,보행자,남,56세,경상
3333,2020022100100485,2020년 2월 21일 18시,금요일,대전광역시 중구 산성동,경상사고,0,0,1,0,차대사람 - 횡단중,보행자보호의무위반,포장 - 건조,맑음,교차로 - 교차로횡단보도내,승용,여,74세,상해없음,보행자,여,57세,경상
3334,2020022100100538,2020년 2월 21일 19시,금요일,대전광역시 서구 괴정동,경상사고,0,0,1,0,차대사람 - 기타,안전운전불이행,포장 - 젖음/습기,비,단일로 - 기타,승용,남,39세,상해없음,보행자,남,30세,경상
3335,2020022100100539,2020년 2월 21일 19시,금요일,대전광역시 서구 정림동,중상사고,0,1,0,0,차대사람 - 횡단중,안전운전불이행,포장 - 젖음/습기,비,교차로 - 교차로횡단보도내,승용,여,53세,상해없음,보행자,여,60세,중상
3336,2020022100100590,2020년 2월 21일 20시,금요일,대전광역시 서구 탄방동,경상사고,0,0,1,0,차대사람 - 횡단중,보행자보호의무위반,포장 - 기타,비,교차로 - 교차로횡단보도내,승용,남,48세,상해없음,보행자,남,36세,경상
3337,2020022100100700,2020년 2월 21일 23시,금요일,대전광역시 서구 둔산동,경상사고,0,0,1,0,차대사람 - 횡단중,안전운전불이행,포장 - 젖음/습기,비,교차로 - 교차로횡단보도내,승용,여,45세,상해없음,보행자,남,59세,경상
3338,2020022200100030,2020년 2월 22일 00시,토요일,대전광역시 대덕구 신탄진동,중상사고,0,1,0,0,차대사람 - 기타,안전운전불이행,포장 - 젖음/습기,비,단일로 - 기타,승용,남,66세,기타불명,보행자,여,63세,중상
3339,2020022200100316,2020년 2월 22일 15시,토요일,대전광역시 서구 도마동,경상사고,0,0,1,0,차대사람 - 횡단중,보행자보호의무위반,포장 - 건조,맑음,교차로 - 교차로횡단보도내,건설기계,남,54세,상해없음,보행자,남,83세,경상
3340,2020022300100240,2020년 2월 23일 17시,일요일,대전광역시 중구 산성동,중상사고,0,1,0,0,차대사람 - 기타,보행자보호의무위반,포장 - 건조,맑음,단일로 - 기타,승용,남,21세,상해없음,보행자,남,6세,중상
3341,2020022300100333,2020년 2월 23일 21시,일요일,대전광역시 중구 문창동,경상사고,0,0,1,0,차대사람 - 횡단중,안전운전불이행,포장 - 건조,맑음,단일로 - 기타,이륜,남,38세,상해없음,보행자,남,50세,경상
3342,2020022300100361,2020년 2월 23일 23시,일요일,대전광역시 서구 둔산동,경상사고,0,0,2,0,차대사람 - 기타,안전운전불이행,포장 - 건조,맑음,교차로 - 교차로횡단보도내,승용,남,59세,경상,보행자,남,58세,경상
3343,2020022400100107,2020년 2월 24일 08시,월요일,대전광역시 동구 소제동,경상사고,0,0,1,0,차대사람 - 보도통행중,보행자보호의무위반,포장 - 건조,맑음,교차로 - 교차로횡단보도내,화물,남,68세,상해없음,보행자,남,23세,경상
3344,2020022400100109,2020년 2월 24일 08시,월요일,대전광역시 서구 월평동,중상사고,0,1,0,0,차대사람 - 횡단중,보행자보호의무위반,포장 - 건조,맑음,교차로 - 교차로횡단보도내,승용,남,39세,상해없음,보행자,여,68세,중상
3345,2020022400100180,2020년 2월 24일 11시,월요일,대전광역시 서구 둔산동,경상사고,0,0,1,0,차대사람 - 기타,안전운전불이행,포장 - 건조,맑음,단일로 - 기타,승합,남,62세,상해없음,보행자,남,21세,경상
3346,2020022400100437,2020년 2월 24일 19시,월요일,대전광역시 중구 유천동,경상사고,0,0,1,0,차대사람 - 횡단중,신호위반,포장 - 건조,맑음,단일로 - 기타,승용,남,63세,상해없음,보행자,여,59세,경상
3347,2020022400100466,2020년 2월 24일 20시,월요일,대전광역시 대덕구 문평동,경상사고,0,0,1,0,차대사람 - 횡단중,신호위반,포장 - 건조,맑음,교차로 - 교차로안,승용,여,61세,상해없음,보행자,여,24세,경상
3348,2020022400100467,2020년 2월 24일 20시,월요일,대전광역시 서구 갈마동,중상사고,0,1,0,0,차대사람 - 기타,안전운전불이행,포장 - 건조,맑음,교차로 - 교차로안,화물,남,49세,상해없음,보행자,여,25세,중상
3349,2020022500100397,2020년 2월 25일 19시,화요일,대전광역시 서구 가수원동,경상사고,0,0,1,0,차대사람 - 횡단중,보행자보호의무위반,포장 - 젖음/습기,비,교차로 - 교차로횡단보도내,이륜,남,33세,상해없음,보행자,남,43세,경상
3350,2020022500100469,2020년 2월 25일 23시,화요일,대전광역시 서구 괴정동,중상사고,0,1,0,0,차대사람 - 기타,안전운전불이행,포장 - 젖음/습기,흐림,단일로 - 기타,승용,남,67세,상해없음,보행자,남,52세,중상
3351,2020022600100030,2020년 2월 26일 04시,수요일,대전광역시 서구 괴정동,경상사고,0,0,1,0,차대사람 - 기타,안전운전불이행,포장 - 건조,맑음,단일로 - 기타,승용,남,52세,상해없음,보행자,남,24세,경상
3352,2020022600100131,2020년 2월 26일 09시,수요일,대전광역시 중구 문화동,경상사고,0,0,1,0,차대사람 - 횡단중,보행자보호의무위반,포장 - 건조,맑음,단일로 - 기타,승용,남,61세,상해없음,보행자,여,35세,경상
3353,2020022600100176,2020년 2월 26일 11시,수요일,대전광역시 서구 내동,중상사고,0,1,0,0,차대사람 - 횡단중,안전운전불이행,포장 - 건조,맑음,단일로 - 기타,승용,여,53세,상해없음,보행자,여,80세,중상
3354,2020022600100304,2020년 2월 26일 17시,수요일,대전광역시 유성구 도룡동,경상사고,0,0,1,0,차대사람 - 기타,안전운전불이행,포장 - 건조,맑음,교차로 - 교차로부근,승용,남,48세,상해없음,보행자,여,37세,경상
3355,2020022600100393,2020년 2월 26일 19시,수요일,대전광역시 동구 인동,경상사고,0,0,1,0,차대사람 - 차도통행중,안전운전불이행,포장 - 건조,맑음,단일로 - 기타,승합,남,63세,상해없음,보행자,남,59세,경상
3356,2020022700100171,2020년 2월 27일 11시,목요일,대전광역시 중구 유천동,경상사고,0,0,1,0,차대사람 - 길가장자리구역통행중,안전운전불이행,포장 - 건조,맑음,단일로 - 기타,승용,여,59세,상해없음,보행자,여,31세,경상
3357,2020022700100313,2020년 2월 27일 17시,목요일,대전광역시 동구 신흥동,중상사고,0,1,0,0,차대사람 - 횡단중,안전운전불이행,포장 - 건조,맑음,교차로 - 교차로횡단보도내,승용,여,59세,상해없음,보행자,여,78세,중상
3358,2020022800100404,2020년 2월 28일 20시,금요일,대전광역시 중구 유천동,경상사고,0,0,1,0,차대사람 - 길가장자리구역통행중,안전운전불이행,포장 - 젖음/습기,비,교차로 - 교차로부근,화물,남,62세,상해없음,보행자,남,51세,경상
3359,2020022800100448,2020년 2월 28일 22시,금요일,대전광역시 동구 홍도동,중상사고,0,1,0,0,차대사람 - 횡단중,보행자보호의무위반,포장 - 건조,맑음,교차로 - 교차로횡단보도내,승용,여,34세,상해없음,보행자,여,58세,중상
3360,2020022900100213,2020년 2월 29일 14시,토요일,대전광역시 대덕구 송촌동,중상사고,0,1,0,0,차대사람 - 기타,안전운전불이행,포장 - 건조,맑음,단일로 - 기타,승합,남,48세,기타불명,보행자,남,19세,중상
3361,2020030200100191,2020년 3월 2일 12시,월요일,대전광역시 대덕구 석봉동,경상사고,0,0,1,0,차대사람 - 차도통행중,안전운전불이행,포장 - 건조,맑음,단일로 - 기타,승용,남,43세,상해없음,보행자,남,57세,경상
3362,2020030200100243,2020년 3월 2일 14시,월요일,대전광역시 중구 목동,중상사고,0,1,0,0,차대사람 - 기타,신호위반,포장 - 건조,맑음,단일로 - 기타,이륜,남,37세,상해없음,보행자,여,20세,중상
3363,2020030200100266,2020년 3월 2일 15시,월요일,대전광역시 중구 유천동,부상신고사고,0,0,0,1,차대사람 - 기타,안전운전불이행,포장 - 건조,맑음,교차로 - 교차로안,기타불명,기타불명,미분류,기타불명,보행자,남,46세,부상신고
3364,2020030200100267,2020년 3월 2일 15시,월요일,대전광역시 동구 삼성동,사망사고,1,0,0,0,차대사람 - 횡단중,보행자보호의무위반,포장 - 건조,맑음,교차로 - 교차로횡단보도내,승용,남,56세,상해없음,보행자,여,63세,사망
3365,2020030200100433,2020년 3월 2일 21시,월요일,대전광역시 동구 성남동,중상사고,0,1,0,0,차대사람 - 기타,안전운전불이행,포장 - 건조,맑음,교차로 - 교차로부근,승용,남,30세,상해없음,보행자,남,47세,중상
3366,2020030300100010,2020년 3월 3일 00시,화요일,대전광역시 서구 변동,중상사고,0,1,0,0,차대사람 - 횡단중,안전운전불이행,포장 - 건조,맑음,교차로 - 교차로안,승용,남,71세,상해없음,보행자,남,68세,중상
3367,2020030300100182,2020년 3월 3일 12시,화요일,대전광역시 서구 월평동,중상사고,0,1,0,1,차대사람 - 기타,안전운전불이행,포장 - 건조,맑음,기타 - 기타,승용,남,58세,상해없음,보행자,남,36세,중상
3368,2020030300100200,2020년 3월 3일 13시,화요일,대전광역시 중구 대흥동,경상사고,0,0,1,0,차대사람 - 횡단중,안전운전불이행,포장 - 건조,맑음,단일로 - 기타,승용,여,34세,상해없음,보행자,여,73세,경상
3369,2020030400100103,2020년 3월 4일 10시,수요일,대전광역시 중구 용두동,경상사고,0,0,1,0,차대사람 - 보도통행중,보행자보호의무위반,포장 - 건조,맑음,단일로 - 기타,자전거,남,64세,상해없음,보행자,남,43세,경상
3370,2020030400100185,2020년 3월 4일 13시,수요일,대전광역시 유성구 지족동,중상사고,0,1,0,0,차대사람 - 기타,안전운전불이행,포장 - 건조,맑음,교차로 - 교차로부근,화물,남,48세,상해없음,보행자,여,50세,중상
3371,2020030400100349,2020년 3월 4일 19시,수요일,대전광역시 서구 갈마동,경상사고,0,0,1,0,차대사람 - 길가장자리구역통행중,안전운전불이행,포장 - 건조,맑음,단일로 - 기타,기타불명,기타불명,미분류,기타불명,보행자,남,72세,경상
3372,2020030500100023,2020년 3월 5일 01시,목요일,대전광역시 서구 둔산동,경상사고,0,0,1,0,차대사람 - 기타,안전운전불이행,포장 - 건조,맑음,단일로 - 기타,승용,남,26세,상해없음,보행자,남,22세,경상
3373,2020030500100060,2020년 3월 5일 06시,목요일,대전광역시 서구 둔산동,중상사고,0,1,0,0,차대사람 - 횡단중,보행자보호의무위반,포장 - 건조,맑음,교차로 - 교차로횡단보도내,승용,남,46세,상해없음,보행자,남,35세,중상
3374,2020030500100153,2020년 3월 5일 10시,목요일,대전광역시 서구 둔산동,경상사고,0,0,1,0,차대사람 - 길가장자리구역통행중,안전운전불이행,포장 - 건조,맑음,단일로 - 기타,화물,남,53세,상해없음,보행자,남,31세,경상
3375,2020030500100411,2020년 3월 5일 19시,목요일,대전광역시 대덕구 법동,경상사고,0,0,1,0,차대사람 - 횡단중,안전운전불이행,포장 - 건조,맑음,교차로 - 교차로안,이륜,남,58세,기타불명,보행자,남,57세,경상
3376,2020030600100173,2020년 3월 6일 10시,금요일,대전광역시 서구 갈마동,중상사고,0,1,0,0,차대사람 - 횡단중,보행자보호의무위반,포장 - 건조,맑음,단일로 - 기타,승용,남,58세,상해없음,보행자,여,60세,중상
3377,2020030600100350,2020년 3월 6일 16시,금요일,대전광역시 유성구 송강동,경상사고,0,0,1,0,차대사람 - 횡단중,신호위반,포장 - 건조,맑음,교차로 - 교차로횡단보도내,이륜,남,64세,상해없음,보행자,여,28세,경상
3378,2020030600100409,2020년 3월 6일 17시,금요일,대전광역시 서구 변동,중상사고,0,1,0,0,차대사람 - 기타,안전운전불이행,포장 - 건조,맑음,교차로 - 교차로부근,승용,남,56세,상해없음,보행자,남,40세,중상
3379,2020030700100326,2020년 3월 7일 18시,토요일,대전광역시 대덕구 대화동,경상사고,0,0,1,0,차대사람 - 기타,안전운전불이행,포장 - 건조,맑음,단일로 - 기타,승용,여,49세,상해없음,보행자,여,54세,경상
3380,2020030700100407,2020년 3월 7일 21시,토요일,대전광역시 동구 판암동,경상사고,0,0,1,0,차대사람 - 차도통행중,안전운전불이행,포장 - 건조,맑음,교차로 - 교차로안,화물,남,31세,상해없음,보행자,남,59세,경상
3381,2020030800100270,2020년 3월 8일 17시,일요일,대전광역시 유성구 지족동,중상사고,0,1,0,0,차대사람 - 기타,기타,포장 - 건조,맑음,기타 - 기타,이륜,남,19세,상해없음,보행자,남,51세,중상
3382,2020030800100361,2020년 3월 8일 22시,일요일,대전광역시 동구 삼성동,경상사고,0,0,1,0,차대사람 - 기타,안전운전불이행,포장 - 건조,맑음,단일로 - 기타,승합,남,58세,상해없음,보행자,여,58세,경상
3383,2020030900100401,2020년 3월 9일 18시,월요일,대전광역시 중구 문화동,경상사고,0,0,1,0,차대사람 - 횡단중,보행자보호의무위반,포장 - 건조,맑음,단일로 - 기타,승용,남,32세,상해없음,보행자,남,35세,경상
3384,2020030900100403,2020년 3월 9일 18시,월요일,대전광역시 서구 갈마동,경상사고,0,0,1,0,차대사람 - 기타,안전운전불이행,포장 - 건조,맑음,단일로 - 기타,승용,남,34세,상해없음,보행자,여,41세,경상
3385,2020030900100435,2020년 3월 9일 19시,월요일,대전광역시 동구 신안동,중상사고,0,1,0,0,차대사람 - 보도통행중,신호위반,포장 - 젖음/습기,비,교차로 - 교차로안,이륜,남,22세,상해없음,보행자,여,49세,중상
3386,2020030900100461,2020년 3월 9일 20시,월요일,대전광역시 서구 관저동,중상사고,0,1,0,0,차대사람 - 횡단중,안전운전불이행,포장 - 젖음/습기,비,교차로 - 교차로부근,승용,여,24세,상해없음,보행자,여,9세,중상
3387,2020030900100500,2020년 3월 9일 21시,월요일,대전광역시 유성구 전민동,경상사고,0,0,1,0,차대사람 - 기타,안전운전불이행,포장 - 젖음/습기,비,교차로 - 교차로부근,승용,남,48세,상해없음,보행자,남,28세,경상
3388,2020030900100522,2020년 3월 9일 22시,월요일,대전광역시 서구 도마동,경상사고,0,0,1,0,차대사람 - 횡단중,신호위반,포장 - 젖음/습기,비,교차로 - 교차로횡단보도내,이륜,남,59세,상해없음,보행자,남,62세,경상
3389,2020031000100023,2020년 3월 10일 00시,화요일,대전광역시 동구 판암동,중상사고,0,1,0,0,차대사람 - 횡단중,안전운전불이행,포장 - 젖음/습기,비,교차로 - 교차로부근,승용,여,41세,상해없음,보행자,여,60세,중상
3390,2020031000100177,2020년 3월 10일 11시,화요일,대전광역시 동구 용운동,경상사고,0,0,1,0,차대사람 - 길가장자리구역통행중,안전운전불이행,포장 - 젖음/습기,비,단일로 - 기타,승용,남,67세,상해없음,보행자,여,54세,경상
3391,2020031000100354,2020년 3월 10일 18시,화요일,대전광역시 동구 자양동,경상사고,0,0,1,0,차대사람 - 차도통행중,안전운전불이행,포장 - 건조,맑음,단일로 - 기타,승용,여,39세,상해없음,보행자,남,61세,경상
3392,2020031100100500,2020년 3월 11일 21시,수요일,대전광역시 유성구 봉명동,경상사고,0,0,1,0,차대사람 - 기타,보행자보호의무위반,포장 - 건조,맑음,교차로 - 교차로안,승용,여,38세,상해없음,보행자,남,35세,경상
3393,2020031200100171,2020년 3월 12일 10시,목요일,대전광역시 서구 변동,경상사고,0,0,1,0,차대사람 - 보도통행중,안전운전불이행,포장 - 건조,맑음,교차로 - 교차로안,이륜,남,31세,상해없음,보행자,여,55세,경상
3394,2020031200100172,2020년 3월 12일 10시,목요일,대전광역시 서구 탄방동,경상사고,0,0,1,0,차대사람 - 기타,안전운전불이행,포장 - 건조,맑음,기타 - 기타,자전거,남,59세,상해없음,보행자,여,56세,경상
3395,2020031200100204,2020년 3월 12일 11시,목요일,대전광역시 유성구 구암동,경상사고,0,0,1,0,차대사람 - 기타,안전운전불이행,포장 - 건조,맑음,단일로 - 기타,승용,여,54세,상해없음,보행자,남,33세,경상
3396,2020031200100228,2020년 3월 12일 12시,목요일,대전광역시 중구 선화동,부상신고사고,0,0,0,1,차대사람 - 기타,안전운전불이행,포장 - 건조,맑음,단일로 - 기타,승용,여,56세,상해없음,보행자,남,25세,부상신고
3397,2020031300100111,2020년 3월 13일 09시,금요일,대전광역시 중구 문화동,경상사고,0,0,1,0,차대사람 - 횡단중,보행자보호의무위반,포장 - 건조,맑음,교차로 - 교차로횡단보도내,화물,남,51세,상해없음,보행자,남,42세,경상
3398,2020031300100112,2020년 3월 13일 09시,금요일,대전광역시 유성구 원내동,부상신고사고,0,0,0,1,차대사람 - 횡단중,안전운전불이행,포장 - 건조,맑음,교차로 - 교차로부근,화물,남,58세,상해없음,보행자,남,80세,부상신고
3399,2020031300100162,2020년 3월 13일 11시,금요일,대전광역시 유성구 전민동,경상사고,0,0,1,0,차대사람 - 기타,안전운전불이행,포장 - 건조,맑음,교차로 - 교차로횡단보도내,화물,남,51세,상해없음,보행자,남,44세,경상
3400,2020031400100479,2020년 3월 14일 20시,토요일,대전광역시 서구 변동,중상사고,0,1,0,0,차대사람 - 기타,보행자보호의무위반,포장 - 건조,맑음,교차로 - 교차로횡단보도내,승용,여,45세,기타불명,보행자,남,62세,중상
3401,2020031500100039,2020년 3월 15일 02시,일요일,대전광역시 서구 갈마동,경상사고,0,0,1,0,차대사람 - 횡단중,보행자보호의무위반,포장 - 건조,맑음,교차로 - 교차로횡단보도내,승용,남,64세,상해없음,보행자,남,21세,경상
3402,2020031500100232,2020년 3월 15일 17시,일요일,대전광역시 서구 만년동,부상신고사고,0,0,0,1,차대사람 - 기타,안전운전불이행,포장 - 건조,맑음,단일로 - 기타,승용,남,46세,상해없음,보행자,남,7세,부상신고
3403,2020031500100310,2020년 3월 15일 20시,일요일,대전광역시 대덕구 송촌동,경상사고,0,0,1,0,차대사람 - 길가장자리구역통행중,안전운전불이행,포장 - 건조,맑음,단일로 - 기타,이륜,여,24세,상해없음,보행자,남,44세,경상
3404,2020031500100311,2020년 3월 15일 20시,일요일,대전광역시 유성구 장대동,경상사고,0,0,1,0,차대사람 - 기타,안전운전불이행,포장 - 건조,맑음,단일로 - 기타,승용,남,40세,상해없음,보행자,남,65세,경상
3405,2020031600100072,2020년 3월 16일 07시,월요일,대전광역시 유성구 원내동,중상사고,0,1,0,0,차대사람 - 보도통행중,신호위반,포장 - 건조,맑음,교차로 - 교차로횡단보도내,승용,여,50세,상해없음,보행자,남,52세,중상
3406,2020031600100515,2020년 3월 16일 21시,월요일,대전광역시 서구 괴정동,경상사고,0,0,1,0,차대사람 - 기타,안전운전불이행,포장 - 건조,맑음,단일로 - 기타,승용,여,24세,상해없음,보행자,남,33세,경상
3407,2020031700100117,2020년 3월 17일 09시,화요일,대전광역시 중구 유천동,중상사고,0,1,0,0,차대사람 - 길가장자리구역통행중,안전운전불이행,포장 - 건조,맑음,교차로 - 교차로부근,승용,남,58세,상해없음,보행자,여,84세,중상
3408,2020031700100139,2020년 3월 17일 10시,화요일,대전광역시 동구 용전동,중상사고,0,1,0,0,차대사람 - 차도통행중,안전운전불이행,포장 - 건조,맑음,단일로 - 기타,이륜,남,23세,상해없음,보행자,여,24세,중상
3409,2020031900100146,2020년 3월 19일 11시,목요일,대전광역시 서구 탄방동,경상사고,0,0,1,0,차대사람 - 횡단중,신호위반,포장 - 건조,맑음,교차로 - 교차로횡단보도내,이륜,남,26세,상해없음,보행자,여,56세,경상
3410,2020032000100029,2020년 3월 20일 01시,금요일,대전광역시 서구 둔산동,중상사고,0,1,0,0,차대사람 - 기타,안전운전불이행,포장 - 건조,맑음,교차로 - 교차로부근,승용,남,51세,상해없음,보행자,여,25세,중상
3411,2020032000100391,2020년 3월 20일 16시,금요일,대전광역시 동구 용전동,경상사고,0,0,1,0,차대사람 - 기타,보행자보호의무위반,포장 - 건조,맑음,교차로 - 교차로횡단보도내,승용,남,81세,상해없음,보행자,여,48세,경상