,사고번호,사고일시,요일,시군구,사고내용,사망자수,중상자수,경상자수,부상신고자수,사고유형,법규위반,노면상태,기상상태,도로형태,가해운전자 차종,가해운전자 성별,가해운전자 연령,가해운전자 상해정도,피해운전자 차종,피해운전자 성별,피해운전자 연령,피해운전자 상해정도
3981,2020090500100529,2020년 9월 5일 21시,토요일,대전광역시 유성구 봉명동,경상사고,0,0,1,0,차대사람 - 차도통행중,안전운전불이행,포장 - 건조,맑음,단일로 - 기타,이륜,남,27세,경상,보행자,남,43세,상해없음
3982,2020090600100230,2020년 9월 6일 16시,일요일,대전광역시 중구 은행동,경상사고,0,0,1,0,차대사람 - 길가장자리구역통행중,안전운전불이행,포장 - 건조,맑음,단일로 - 터널,승용,남,27세,상해없음,보행자,여,49세,경상
3983,2020090600100412,2020년 9월 6일 23시,일요일,대전광역시 유성구 원내동,경상사고,0,0,1,0,차대사람 - 횡단중,보행자보호의무위반,포장 - 젖음/습기,비,교차로 - 교차로횡단보도내,승용,남,23세,상해없음,보행자,남,66세,경상
3984,2020090700100045,2020년 9월 7일 05시,월요일,대전광역시 서구 관저동,사망사고,1,0,0,0,차대사람 - 기타,신호위반,포장 - 젖음/습기,비,교차로 - 교차로횡단보도내,승용,남,51세,상해없음,보행자,여,79세,사망
3985,2020090700100077,2020년 9월 7일 07시,월요일,대전광역시 동구 천동,중상사고,0,1,0,0,차대사람 - 기타,안전운전불이행,포장 - 젖음/습기,비,단일로 - 기타,승용,남,77세,상해없음,보행자,남,26세,중상
3986,2020090700100115,2020년 9월 7일 08시,월요일,대전광역시 중구 대사동,경상사고,0,0,1,0,차대사람 - 횡단중,보행자보호의무위반,포장 - 건조,맑음,교차로 - 교차로횡단보도내,승용,여,39세,상해없음,보행자,남,37세,경상
3987,2020090700100162,2020년 9월 7일 10시,월요일,대전광역시 서구 둔산동,경상사고,0,0,1,0,차대사람 - 기타,기타,포장 - 건조,맑음,단일로 - 기타,승합,남,55세,상해없음,보행자,여,72세,경상
3988,2020090700100217,2020년 9월 7일 12시,월요일,대전광역시 서구 가장동,중상사고,0,1,0,0,차대사람 - 차도통행중,안전운전불이행,포장 - 젖음/습기,비,단일로 - 기타,승용,남,50세,상해없음,보행자,남,18세,중상
3989,2020090700100288,2020년 9월 7일 14시,월요일,대전광역시 중구 태평동,중상사고,0,1,0,0,차대사람 - 횡단중,안전운전불이행,포장 - 젖음/습기,비,교차로 - 교차로안,승용,여,44세,상해없음,보행자,남,74세,중상
3990,2020090700100479,2020년 9월 7일 19시,월요일,대전광역시 유성구 봉명동,경상사고,0,0,1,0,차대사람 - 기타,안전운전불이행,포장 - 젖음/습기,비,교차로 - 교차로부근,승합,남,65세,상해없음,보행자,남,24세,경상
3991,2020090800100084,2020년 9월 8일 07시,화요일,대전광역시 서구 만년동,경상사고,0,0,1,0,차대사람 - 길가장자리구역통행중,안전운전불이행,포장 - 건조,맑음,단일로 - 기타,승용,여,73세,상해없음,보행자,여,24세,경상
3992,2020090800100124,2020년 9월 8일 08시,화요일,대전광역시 중구 문화동,경상사고,0,0,1,0,차대사람 - 횡단중,보행자보호의무위반,포장 - 건조,맑음,교차로 - 교차로횡단보도내,승용,남,64세,상해없음,보행자,여,12세,경상
3993,2020090800100188,2020년 9월 8일 10시,화요일,대전광역시 대덕구 신탄진동,중상사고,0,1,0,0,차대사람 - 기타,기타,포장 - 건조,맑음,단일로 - 교량,이륜,남,78세,상해없음,보행자,여,75세,중상
3994,2020090800100359,2020년 9월 8일 15시,화요일,대전광역시 동구 자양동,경상사고,0,0,1,0,차대사람 - 차도통행중,안전운전불이행,포장 - 건조,맑음,단일로 - 기타,기타불명,기타불명,미분류,기타불명,보행자,남,28세,경상
3995,2020090800100452,2020년 9월 8일 17시,화요일,대전광역시 서구 괴정동,경상사고,0,0,1,0,차대사람 - 기타,안전운전불이행,포장 - 건조,맑음,단일로 - 기타,화물,남,68세,상해없음,보행자,여,21세,경상
3996,2020090800100536,2020년 9월 8일 19시,화요일,대전광역시 유성구 봉명동,경상사고,0,0,1,0,차대사람 - 기타,안전운전불이행,포장 - 건조,맑음,단일로 - 기타,승용,남,30세,상해없음,보행자,남,37세,경상
3997,2020090800100624,2020년 9월 8일 22시,화요일,대전광역시 대덕구 읍내동,경상사고,0,0,1,0,차대사람 - 길가장자리구역통행중,안전운전불이행,포장 - 건조,맑음,단일로 - 기타,승용,남,57세,상해없음,보행자,남,28세,경상
3998,2020090800100630,2020년 9월 8일 23시,화요일,대전광역시 서구 괴정동,중상사고,0,1,0,0,차대사람 - 기타,안전운전불이행,포장 - 건조,흐림,단일로 - 기타,승용,여,56세,상해없음,보행자,남,26세,중상
3999,2020090900100380,2020년 9월 9일 17시,수요일,대전광역시 중구 산성동,경상사고,0,0,1,0,차대사람 - 기타,안전운전불이행,포장 - 건조,맑음,단일로 - 기타,승합,남,70세,상해없음,보행자,남,21세,경상
4000,2020090900100381,2020년 9월 9일 17시,수요일,대전광역시 동구 중동,경상사고,0,0,1,0,차대사람 - 차도통행중,안전운전불이행,포장 - 건조,맑음,단일로 - 기타,승용,여,38세,상해없음,보행자,여,65세,경상
4001,2020090900100519,2020년 9월 9일 21시,수요일,대전광역시 서구 용문동,경상사고,0,0,1,0,차대사람 - 기타,안전운전불이행,포장 - 건조,맑음,단일로 - 기타,특수,남,43세,상해없음,보행자,여,59세,경상
4002,2020090900100540,2020년 9월 9일 22시,수요일,대전광역시 동구 용전동,경상사고,0,0,1,0,차대사람 - 횡단중,안전운전불이행,포장 - 건조,맑음,교차로 - 교차로안,승용,남,69세,상해없음,보행자,남,48세,경상
4003,2020091000100135,2020년 9월 10일 10시,목요일,대전광역시 중구 선화동,경상사고,0,0,1,0,차대사람 - 기타,안전운전불이행,포장 - 건조,맑음,단일로 - 기타,승용,남,45세,상해없음,보행자,남,54세,경상
4004,2020091000100306,2020년 9월 10일 15시,목요일,대전광역시 중구 문창동,중상사고,0,1,0,0,차대사람 - 기타,안전운전불이행,포장 - 건조,맑음,교차로 - 교차로부근,이륜,남,26세,상해없음,보행자,여,67세,중상
4005,2020091100100217,2020년 9월 11일 12시,금요일,대전광역시 서구 정림동,경상사고,0,0,2,0,차대사람 - 보도통행중,기타,포장 - 건조,맑음,단일로 - 기타,승용,여,64세,상해없음,보행자,여,34세,경상
4006,2020091100100344,2020년 9월 11일 16시,금요일,대전광역시 서구 도마동,중상사고,0,1,0,0,차대사람 - 기타,안전운전불이행,포장 - 건조,맑음,단일로 - 기타,승용,남,66세,상해없음,보행자,남,79세,중상
4007,2020091100100694,2020년 9월 11일 23시,금요일,대전광역시 서구 탄방동,경상사고,0,0,1,0,차대사람 - 기타,안전운전불이행,포장 - 젖음/습기,비,교차로 - 교차로안,승용,남,54세,상해없음,보행자,남,24세,경상
4008,2020091200100414,2020년 9월 12일 16시,토요일,대전광역시 동구 판암동,중상사고,0,1,0,0,차대사람 - 차도통행중,안전운전불이행,포장 - 젖음/습기,비,단일로 - 기타,화물,남,69세,상해없음,보행자,남,54세,중상
4009,2020091300100054,2020년 9월 13일 06시,일요일,대전광역시 대덕구 덕암동,경상사고,0,0,1,0,차대사람 - 기타,안전운전불이행,포장 - 건조,맑음,단일로 - 기타,승용,여,56세,상해없음,보행자,남,59세,경상
4010,2020091300100419,2020년 9월 13일 19시,일요일,대전광역시 중구 오류동,중상사고,0,1,0,0,차대사람 - 기타,안전운전불이행,포장 - 건조,맑음,교차로 - 교차로부근,승용,남,74세,상해없음,보행자,여,68세,중상
4011,2020091400100373,2020년 9월 14일 15시,월요일,대전광역시 동구 중동,중상사고,0,1,0,0,차대사람 - 횡단중,안전운전불이행,포장 - 건조,맑음,단일로 - 기타,승용,남,44세,상해없음,보행자,여,79세,중상
4012,2020091500100076,2020년 9월 15일 07시,화요일,대전광역시 중구 선화동,경상사고,0,0,1,0,차대사람 - 기타,안전운전불이행,포장 - 건조,맑음,단일로 - 기타,승용,남,47세,상해없음,보행자,남,16세,경상
4013,2020091500100275,2020년 9월 15일 13시,화요일,대전광역시 서구 둔산동,중상사고,0,1,1,0,차대사람 - 횡단중,보행자보호의무위반,포장 - 건조,맑음,교차로 - 교차로횡단보도내,승용,남,60세,상해없음,보행자,여,33세,경상
4014,2020091500100511,2020년 9월 15일 19시,화요일,대전광역시 서구 가장동,경상사고,0,0,1,0,차대사람 - 기타,안전운전불이행,포장 - 건조,맑음,단일로 - 기타,승용,남,52세,상해없음,보행자,남,26세,경상
4015,2020091600100106,2020년 9월 16일 08시,수요일,대전광역시 동구 정동,중상사고,0,1,0,0,차대사람 - 기타,안전운전불이행,포장 - 젖음/습기,비,교차로 - 교차로안,화물,남,31세,상해없음,보행자,남,42세,중상
4016,2020091600100316,2020년 9월 16일 15시,수요일,대전광역시 중구 대흥동,부상신고사고,0,0,0,1,차대사람 - 횡단중,보행자보호의무위반,포장 - 건조,맑음,교차로 - 교차로부근,승용,남,40세,상해없음,보행자,남,31세,부상신고
4017,2020091600100439,2020년 9월 16일 18시,수요일,대전광역시 동구 낭월동,중상사고,0,1,0,0,차대사람 - 기타,안전운전불이행,포장 - 건조,맑음,단일로 - 기타,원동기,여,36세,상해없음,보행자,남,4세,중상
4018,2020091600100515,2020년 9월 16일 20시,수요일,대전광역시 대덕구 중리동,경상사고,0,0,2,0,차대사람 - 횡단중,보행자보호의무위반,포장 - 건조,맑음,교차로 - 교차로횡단보도내,승합,남,34세,상해없음,보행자,남,47세,경상
4019,2020091700100077,2020년 9월 17일 07시,목요일,대전광역시 유성구 구암동,경상사고,0,0,1,0,차대사람 - 기타,안전운전불이행,포장 - 건조,맑음,단일로 - 기타,화물,남,58세,상해없음,보행자,남,22세,경상
4020,2020091700100113,2020년 9월 17일 08시,목요일,대전광역시 동구 신안동,경상사고,0,0,1,0,차대사람 - 길가장자리구역통행중,중앙선침범,포장 - 건조,맑음,단일로 - 기타,승용,남,62세,상해없음,보행자,남,34세,경상
4021,2020091700100224,2020년 9월 17일 12시,목요일,대전광역시 유성구 장대동,중상사고,0,1,0,0,차대사람 - 횡단중,안전운전불이행,포장 - 건조,맑음,교차로 - 교차로안,화물,남,60세,상해없음,보행자,여,61세,중상
4022,2020091800100081,2020년 9월 18일 07시,금요일,대전광역시 대덕구 오정동,경상사고,0,0,1,0,차대사람 - 기타,안전운전불이행,포장 - 건조,맑음,단일로 - 기타,승용,남,57세,상해없음,보행자,남,82세,경상
4023,2020091800100501,2020년 9월 18일 17시,금요일,대전광역시 동구 대동,경상사고,0,0,1,0,차대사람 - 보도통행중,보행자보호의무위반,포장 - 건조,맑음,교차로 - 교차로부근,이륜,남,67세,상해없음,보행자,여,64세,경상
4024,2020091800100685,2020년 9월 18일 21시,금요일,대전광역시 유성구 죽동,경상사고,0,0,1,0,차대사람 - 기타,안전운전불이행,포장 - 건조,맑음,교차로 - 교차로안,승용,남,23세,상해없음,보행자,여,72세,경상
4025,2020091900100207,2020년 9월 19일 10시,토요일,대전광역시 서구 탄방동,경상사고,0,0,1,0,차대사람 - 기타,안전운전불이행,포장 - 건조,맑음,단일로 - 기타,승용,남,36세,상해없음,보행자,남,25세,경상
4026,2020091900100354,2020년 9월 19일 13시,토요일,대전광역시 유성구 봉명동,경상사고,0,0,1,0,차대사람 - 기타,보행자보호의무위반,포장 - 건조,맑음,단일로 - 기타,자전거,여,15세,상해없음,보행자,여,69세,경상
4027,2020091900100444,2020년 9월 19일 15시,토요일,대전광역시 중구 유천동,중상사고,0,1,0,0,차대사람 - 횡단중,보행자보호의무위반,포장 - 건조,맑음,교차로 - 교차로횡단보도내,승용,남,79세,상해없음,보행자,여,66세,중상
4028,2020092000100358,2020년 9월 20일 16시,일요일,대전광역시 서구 가수원동,중상사고,0,1,0,0,차대사람 - 기타,안전운전불이행,포장 - 건조,맑음,기타 - 기타,자전거,남,23세,상해없음,보행자,남,65세,중상
4029,2020092000100421,2020년 9월 20일 18시,일요일,대전광역시 중구 문화동,중상사고,0,1,0,0,차대사람 - 기타,안전운전불이행,포장 - 건조,맑음,기타 - 기타,승용,여,54세,상해없음,보행자,여,65세,중상
4030,2020092200100030,2020년 9월 22일 02시,화요일,대전광역시 유성구 봉명동,경상사고,0,0,1,0,차대사람 - 기타,안전운전불이행,포장 - 건조,맑음,단일로 - 기타,승용,남,68세,상해없음,보행자,남,31세,경상
4031,2020092200100176,2020년 9월 22일 09시,화요일,대전광역시 대덕구 비래동,중상사고,0,1,0,0,차대사람 - 횡단중,보행자보호의무위반,포장 - 건조,맑음,교차로 - 교차로횡단보도내,승용,여,37세,상해없음,보행자,여,73세,중상
4032,2020092200100254,2020년 9월 22일 11시,화요일,대전광역시 동구 원동,경상사고,0,0,1,0,차대사람 - 기타,안전운전불이행,포장 - 건조,맑음,기타 - 기타,승용,남,65세,상해없음,보행자,여,48세,경상
4033,2020092200100255,2020년 9월 22일 11시,화요일,대전광역시 서구 도마동,경상사고,0,0,1,0,차대사람 - 기타,안전운전불이행,포장 - 건조,맑음,단일로 - 기타,자전거,여,65세,상해없음,보행자,여,70세,경상
4034,2020092200100647,2020년 9월 22일 19시,화요일,대전광역시 서구 갈마동,경상사고,0,0,1,0,차대사람 - 횡단중,보행자보호의무위반,포장 - 건조,맑음,교차로 - 교차로횡단보도내,기타불명,기타불명,미분류,기타불명,보행자,여,23세,경상
4035,2020092200100673,2020년 9월 22일 20시,화요일,대전광역시 서구 도안동,중상사고,0,1,0,0,차대사람 - 기타,보행자보호의무위반,포장 - 건조,맑음,교차로 - 교차로횡단보도내,승용,남,59세,상해없음,보행자,여,46세,중상
4036,2020092300100046,2020년 9월 23일 05시,수요일,대전광역시 동구 가양동,중상사고,0,1,0,0,차대사람 - 횡단중,안전운전불이행,포장 - 건조,맑음,기타 - 기타,승용,남,24세,상해없음,보행자,여,71세,중상
4037,2020092300100229,2020년 9월 23일 11시,수요일,대전광역시 동구 낭월동,부상신고사고,0,0,0,1,차대사람 - 기타,안전운전불이행,포장 - 건조,맑음,단일로 - 기타,승합,남,54세,상해없음,보행자,여,59세,부상신고
4038,2020092300100562,2020년 9월 23일 19시,수요일,대전광역시 유성구 반석동,경상사고,0,0,1,0,차대사람 - 기타,기타,포장 - 건조,맑음,기타 - 기타,자전거,남,36세,상해없음,보행자,여,71세,경상
4039,2020092400100066,2020년 9월 24일 06시,목요일,대전광역시 중구 대흥동,중상사고,0,1,0,0,차대사람 - 횡단중,안전운전불이행,포장 - 건조,맑음,교차로 - 교차로안,승용,남,46세,상해없음,보행자,여,77세,중상
4040,2020092400100098,2020년 9월 24일 07시,목요일,대전광역시 서구 월평동,경상사고,0,0,1,0,차대사람 - 차도통행중,안전운전불이행,포장 - 건조,맑음,기타 - 기타,승용,여,36세,상해없음,보행자,남,25세,경상
4041,2020092400100148,2020년 9월 24일 08시,목요일,대전광역시 대덕구 신일동,중상사고,0,1,0,0,차대사람 - 기타,안전운전불이행,포장 - 건조,맑음,교차로 - 교차로안,승용,남,59세,상해없음,보행자,남,55세,중상
4042,2020092400100270,2020년 9월 24일 12시,목요일,대전광역시 중구 태평동,중상사고,0,1,0,0,차대사람 - 횡단중,안전운전불이행,포장 - 건조,맑음,교차로 - 교차로횡단보도내,승용,여,68세,상해없음,보행자,여,50세,중상
4043,2020092400100272,2020년 9월 24일 12시,목요일,대전광역시 대덕구 오정동,중상사고,0,1,0,0,차대사람 - 횡단중,보행자보호의무위반,포장 - 건조,맑음,단일로 - 기타,승용,여,57세,상해없음,보행자,여,66세,중상
4044,2020092400100376,2020년 9월 24일 15시,목요일,대전광역시 유성구 장대동,경상사고,0,0,2,0,차대사람 - 횡단중,보행자보호의무위반,포장 - 건조,맑음,교차로 - 교차로안,이륜,남,88세,경상,보행자,여,55세,경상
4045,2020092400100463,2020년 9월 24일 17시,목요일,대전광역시 유성구 장동,경상사고,0,0,1,0,차대사람 - 횡단중,보행자보호의무위반,포장 - 건조,맑음,단일로 - 기타,승용,여,38세,상해없음,보행자,남,42세,경상
4046,2020092400100562,2020년 9월 24일 19시,목요일,대전광역시 유성구 구성동,경상사고,0,0,1,0,차대사람 - 기타,안전운전불이행,포장 - 건조,맑음,단일로 - 기타,자전거,남,60세,상해없음,보행자,여,37세,경상
4047,2020092500100032,2020년 9월 25일 02시,금요일,대전광역시 동구 가양동,중상사고,0,1,0,0,차대사람 - 횡단중,안전운전불이행,포장 - 건조,맑음,단일로 - 기타,승용,남,57세,상해없음,보행자,여,63세,중상
4048,2020092500100257,2020년 9월 25일 12시,금요일,대전광역시 서구 용문동,경상사고,0,0,1,0,차대사람 - 길가장자리구역통행중,안전운전불이행,포장 - 건조,맑음,단일로 - 기타,승용,남,55세,상해없음,보행자,남,26세,경상
4049,2020092500100391,2020년 9월 25일 15시,금요일,대전광역시 동구 용전동,중상사고,0,1,0,0,차대사람 - 기타,안전운전불이행,포장 - 건조,맑음,교차로 - 교차로안,이륜,남,24세,상해없음,보행자,여,8세,중상
4050,2020092500100708,2020년 9월 25일 21시,금요일,대전광역시 서구 월평동,경상사고,0,0,1,0,차대사람 - 차도통행중,안전운전불이행,포장 - 건조,맑음,기타 - 기타,원동기,남,16세,상해없음,보행자,남,26세,경상
4051,2020092600100382,2020년 9월 26일 14시,토요일,대전광역시 대덕구 신탄진동,중상사고,0,1,0,0,차대사람 - 기타,안전운전불이행,포장 - 건조,맑음,교차로 - 교차로안,승용,남,65세,상해없음,보행자,남,86세,중상
4052,2020092600100431,2020년 9월 26일 15시,토요일,대전광역시 서구 갈마동,중상사고,0,1,0,0,차대사람 - 기타,안전운전불이행,포장 - 건조,맑음,단일로 - 기타,승용,남,50세,상해없음,보행자,남,5세,중상
4053,2020092600100687,2020년 9월 26일 22시,토요일,대전광역시 서구 탄방동,중상사고,0,1,0,0,차대사람 - 기타,안전운전불이행,포장 - 건조,맑음,단일로 - 기타,승용,남,46세,상해없음,보행자,남,58세,중상
4054,2020092600100688,2020년 9월 26일 22시,토요일,대전광역시 서구 탄방동,중상사고,0,1,0,0,차대사람 - 보도통행중,신호위반,포장 - 건조,맑음,단일로 - 기타,승용,남,53세,상해없음,보행자,여,44세,중상
4055,2020092600100703,2020년 9월 26일 23시,토요일,대전광역시 서구 도안동,경상사고,0,0,1,0,차대사람 - 기타,신호위반,포장 - 건조,맑음,단일로 - 기타,기타불명,기타불명,미분류,기타불명,보행자,여,27세,경상
4056,2020092700100525,2020년 9월 27일 21시,일요일,대전광역시 유성구 장대동,부상신고사고,0,0,0,1,차대사람 - 기타,안전운전불이행,포장 - 건조,맑음,단일로 - 기타,승용,남,42세,상해없음,보행자,남,35세,부상신고
4057,2020092800100039,2020년 9월 28일 05시,월요일,대전광역시 서구 만년동,부상신고사고,0,0,0,1,차대사람 - 기타,안전운전불이행,포장 - 건조,맑음,단일로 - 기타,자전거,남,49세,상해없음,보행자,남,70세,부상신고
4058,2020092800100127,2020년 9월 28일 08시,월요일,대전광역시 동구 천동,경상사고,0,0,1,0,차대사람 - 차도통행중,안전운전불이행,포장 - 건조,맑음,단일로 - 기타,승용,남,64세,상해없음,보행자,남,51세,경상
4059,2020092800100163,2020년 9월 28일 09시,월요일,대전광역시 대덕구 석봉동,중상사고,0,1,0,0,차대사람 - 횡단중,안전운전불이행,포장 - 건조,맑음,교차로 - 교차로부근,화물,여,61세,상해없음,보행자,여,86세,중상
4060,2020092800100302,2020년 9월 28일 12시,월요일,대전광역시 대덕구 석봉동,경상사고,0,0,1,0,차대사람 - 길가장자리구역통행중,안전운전불이행,포장 - 건조,맑음,단일로 - 기타,승용,여,59세,기타불명,보행자,여,31세,경상
4061,2020092800100460,2020년 9월 28일 15시,월요일,대전광역시 동구 성남동,경상사고,0,0,1,0,차대사람 - 횡단중,안전운전불이행,포장 - 건조,맑음,단일로 - 기타,승용,여,53세,상해없음,보행자,여,68세,경상
4062,2020092800100461,2020년 9월 28일 15시,월요일,대전광역시 서구 도마동,경상사고,0,0,1,0,차대사람 - 기타,안전운전불이행,포장 - 건조,맑음,단일로 - 기타,이륜,남,57세,상해없음,보행자,남,45세,경상
4063,2020092800100660,2020년 9월 28일 18시,월요일,대전광역시 유성구 봉명동,경상사고,0,0,1,0,차대사람 - 횡단중,안전운전불이행,포장 - 건조,맑음,교차로 - 교차로부근,승용,남,58세,상해없음,보행자,남,58세,경상
4064,2020092900100016,2020년 9월 29일 00시,화요일,대전광역시 서구 내동,중상사고,0,1,0,0,차대사람 - 횡단중,안전운전불이행,포장 - 건조,맑음,단일로 - 기타,승용,남,42세,상해없음,보행자,남,62세,중상
4065,2020092900100645,2020년 9월 29일 18시,화요일,대전광역시 중구 산성동,경상사고,0,0,1,0,차대사람 - 기타,안전운전불이행,포장 - 건조,맑음,기타 - 기타,승용,남,52세,상해없음,보행자,남,25세,경상
4066,2020092900100696,2020년 9월 29일 19시,화요일,대전광역시 서구 둔산동,경상사고,0,0,1,0,차대사람 - 기타,안전운전불이행,포장 - 건조,맑음,단일로 - 기타,승용,남,30세,상해없음,보행자,남,27세,경상
4067,2020092900100697,2020년 9월 29일 19시,화요일,대전광역시 유성구 봉명동,경상사고,0,0,1,0,차대사람 - 횡단중,안전운전불이행,포장 - 건조,맑음,단일로 - 기타,승용,여,31세,상해없음,보행자,여,26세,경상
4068,2020092900100698,2020년 9월 29일 19시,화요일,대전광역시 유성구 관평동,경상사고,0,0,1,0,차대사람 - 기타,신호위반,포장 - 건조,맑음,교차로 - 교차로안,사륜오토바이(ATV),남,44세,상해없음,보행자,남,10세,경상
4069,2020093000100288,2020년 9월 30일 14시,수요일,대전광역시 유성구 원내동,경상사고,0,0,1,0,차대사람 - 기타,안전운전불이행,포장 - 건조,맑음,단일로 - 기타,승용,여,55세,상해없음,보행자,남,61세,경상
4070,2020093000100417,2020년 9월 30일 18시,수요일,대전광역시 동구 대동,경상사고,0,0,1,0,차대사람 - 차도통행중,안전운전불이행,포장 - 건조,맑음,단일로 - 기타,승용,남,64세,상해없음,보행자,남,43세,경상
4071,2020093000100487,2020년 9월 30일 21시,수요일,대전광역시 동구 판암동,경상사고,0,0,1,0,차대사람 - 기타,기타,포장 - 건조,맑음,교차로 - 교차로부근,승합,남,46세,상해없음,보행자,남,46세,경상
4072,2020100200100205,2020년 10월 2일 15시,금요일,대전광역시 서구 관저동,경상사고,0,0,1,0,차대사람 - 횡단중,안전운전불이행,포장 - 건조,맑음,단일로 - 기타,이륜,남,37세,상해없음,보행자,남,7세,경상
4073,2020100200100415,2020년 10월 2일 23시,금요일,대전광역시 중구 유천동,경상사고,0,0,1,0,차대사람 - 기타,안전운전불이행,포장 - 건조,맑음,교차로 - 교차로부근,승용,남,48세,상해없음,보행자,남,37세,경상
4074,2020100300100250,2020년 10월 3일 15시,토요일,대전광역시 중구 유천동,경상사고,0,0,1,0,차대사람 - 차도통행중,안전운전불이행,포장 - 건조,맑음,단일로 - 기타,이륜,남,60세,기타불명,보행자,여,26세,경상
4075,2020100500100025,2020년 10월 5일 04시,월요일,대전광역시 유성구 봉명동,경상사고,0,0,1,0,차대사람 - 보도통행중,안전운전불이행,포장 - 건조,맑음,단일로 - 기타,승용,남,32세,상해없음,보행자,남,22세,경상
4076,2020100500100167,2020년 10월 5일 09시,월요일,대전광역시 중구 대사동,부상신고사고,0,0,0,1,차대사람 - 횡단중,신호위반,포장 - 건조,맑음,단일로 - 기타,원동기,남,66세,상해없음,보행자,남,49세,부상신고
4077,2020100500100496,2020년 10월 5일 17시,월요일,대전광역시 서구 괴정동,경상사고,0,0,1,0,차대사람 - 횡단중,안전운전불이행,포장 - 건조,맑음,교차로 - 교차로부근,승용,남,63세,상해없음,보행자,남,39세,경상
4078,2020100500100585,2020년 10월 5일 19시,월요일,대전광역시 서구 월평동,경상사고,0,0,1,0,차대사람 - 기타,안전운전불이행,포장 - 건조,맑음,단일로 - 기타,승용,여,53세,기타불명,보행자,남,36세,경상
4079,2020100700100273,2020년 10월 7일 13시,수요일,대전광역시 동구 판암동,경상사고,0,0,2,0,차대사람 - 기타,안전운전불이행,포장 - 건조,맑음,단일로 - 기타,이륜,남,27세,경상,보행자,남,60세,경상
4080,2020100800100380,2020년 10월 8일 14시,목요일,대전광역시 대덕구 평촌동,중상사고,0,1,0,0,차대사람 - 기타,안전운전불이행,포장 - 건조,맑음,단일로 - 기타,건설기계,남,58세,상해없음,보행자,남,73세,중상
4081,2020100800100381,2020년 10월 8일 14시,목요일,대전광역시 서구 갈마동,경상사고,0,0,1,0,차대사람 - 보도통행중,보행자보호의무위반,포장 - 건조,맑음,교차로 - 교차로횡단보도내,승용,여,49세,상해없음,보행자,남,11세,경상
4082,2020100800100463,2020년 10월 8일 16시,목요일,대전광역시 서구 월평동,경상사고,0,0,1,0,차대사람 - 횡단중,보행자보호의무위반,포장 - 건조,맑음,교차로 - 교차로횡단보도내,승용,남,73세,상해없음,보행자,여,18세,경상
4083,2020100800100584,2020년 10월 8일 18시,목요일,대전광역시 동구 판암동,중상사고,0,1,0,0,차대사람 - 횡단중,보행자보호의무위반,포장 - 건조,맑음,교차로 - 교차로안,화물,남,60세,상해없음,보행자,여,89세,중상
4084,2020100800100721,2020년 10월 8일 21시,목요일,대전광역시 중구 유천동,경상사고,0,0,1,0,차대사람 - 기타,안전운전불이행,포장 - 건조,맑음,단일로 - 기타,승용,여,50세,상해없음,보행자,남,33세,경상
4085,2020100900100018,2020년 10월 9일 00시,금요일,대전광역시 서구 둔산동,경상사고,0,0,1,0,차대사람 - 기타,안전운전불이행,포장 - 건조,맑음,단일로 - 기타,승용,남,30세,상해없음,보행자,남,28세,경상
4086,2020100900100037,2020년 10월 9일 01시,금요일,대전광역시 동구 용운동,경상사고,0,0,1,0,차대사람 - 횡단중,안전운전불이행,포장 - 건조,맑음,단일로 - 기타,승용,남,59세,상해없음,보행자,남,78세,경상
4087,2020101000100016,2020년 10월 10일 00시,토요일,대전광역시 서구 월평동,경상사고,0,0,1,0,차대사람 - 기타,안전운전불이행,포장 - 건조,맑음,단일로 - 기타,자전거,남,18세,상해없음,보행자,남,60세,경상
4088,2020101000100049,2020년 10월 10일 04시,토요일,대전광역시 유성구 관평동,중상사고,0,1,0,0,차대사람 - 차도통행중,안전운전불이행,포장 - 건조,맑음,단일로 - 기타,승용,남,65세,상해없음,보행자,여,76세,중상
4089,2020101000100058,2020년 10월 10일 05시,토요일,대전광역시 중구 오류동,경상사고,0,0,1,0,차대사람 - 기타,기타,포장 - 건조,맑음,교차로 - 교차로부근,승용,남,62세,상해없음,보행자,남,49세,경상
4090,2020101000100356,2020년 10월 10일 15시,토요일,대전광역시 유성구 장대동,경상사고,0,0,1,0,차대사람 - 기타,안전운전불이행,포장 - 건조,맑음,기타 - 기타,승용,남,47세,상해없음,보행자,여,59세,경상
4091,2020101000100404,2020년 10월 10일 16시,토요일,대전광역시 서구 둔산동,경상사고,0,0,1,0,차대사람 - 기타,기타,포장 - 건조,맑음,기타 - 기타,승합,남,42세,상해없음,보행자,여,70세,경상
4092,2020101000100482,2020년 10월 10일 18시,토요일,대전광역시 서구 갈마동,중상사고,0,1,0,0,차대사람 - 기타,안전운전불이행,포장 - 건조,맑음,교차로 - 교차로안,자전거,남,16세,상해없음,보행자,남,50세,중상
4093,2020101000100541,2020년 10월 10일 20시,토요일,대전광역시 중구 태평동,중상사고,0,1,0,0,차대사람 - 횡단중,안전운전불이행,포장 - 건조,맑음,교차로 - 교차로안,화물,남,61세,상해없음,보행자,여,17세,중상
4094,2020101000100591,2020년 10월 10일 23시,토요일,대전광역시 서구 갈마동,경상사고,0,0,1,0,차대사람 - 기타,안전운전불이행,포장 - 건조,맑음,단일로 - 기타,기타불명,기타불명,미분류,기타불명,보행자,남,29세,경상