,사고번호,사고일시,요일,시군구,사고내용,사망자수,중상자수,경상자수,부상신고자수,사고유형,법규위반,노면상태,기상상태,도로형태,가해운전자 차종,가해운전자 성별,가해운전자 연령,가해운전자 상해정도,피해운전자 차종,피해운전자 성별,피해운전자 연령,피해운전자 상해정도
206,2021031400100373,2021년 3월 14일 21시,일요일,대전광역시 서구 용문동,경상사고,0,0,1,0,차대사람 - 횡단중,안전운전불이행,포장 - 건조,맑음,단일로 - 기타,승용,남,25세,기타불명,보행자,남,17세,경상
207,2021031600100013,2021년 3월 16일 00시,화요일,대전광역시 동구 가양동,중상사고,0,1,0,0,차대사람 - 보도통행중,보행자보호의무위반,포장 - 건조,흐림,교차로 - 교차로횡단보도내,승용,남,59세,상해없음,보행자,여,19세,중상
208,2021031600100220,2021년 3월 16일 11시,화요일,대전광역시 중구 중촌동,중상사고,0,1,0,0,차대사람 - 횡단중,안전운전불이행,포장 - 건조,맑음,교차로 - 교차로안,승용,남,75세,상해없음,보행자,여,77세,중상
209,2021031600100380,2021년 3월 16일 16시,화요일,대전광역시 중구 유천동,경상사고,0,0,1,0,차대사람 - 횡단중,안전운전불이행,포장 - 건조,맑음,단일로 - 기타,승용,남,77세,상해없음,보행자,여,74세,경상
210,2021031600100508,2021년 3월 16일 19시,화요일,대전광역시 서구 갈마동,부상신고사고,0,0,0,1,차대사람 - 기타,안전운전불이행,포장 - 건조,맑음,교차로 - 교차로부근,승용,여,45세,상해없음,보행자,여,6세,부상신고
211,2021031700100182,2021년 3월 17일 11시,수요일,대전광역시 대덕구 대화동,중상사고,0,1,0,0,차대사람 - 길가장자리구역통행중,안전운전불이행,포장 - 건조,맑음,단일로 - 기타,화물,남,58세,상해없음,보행자,남,27세,중상
212,2021031700100283,2021년 3월 17일 14시,수요일,대전광역시 유성구 장대동,경상사고,0,0,1,0,차대사람 - 기타,안전운전불이행,포장 - 건조,맑음,단일로 - 기타,승용,여,65세,기타불명,보행자,남,48세,경상
213,2021031700100399,2021년 3월 17일 17시,수요일,대전광역시 유성구 신성동,경상사고,0,0,1,0,차대사람 - 횡단중,안전운전불이행,포장 - 건조,맑음,교차로 - 교차로안,승용,여,54세,상해없음,보행자,남,67세,경상
214,2021031800100412,2021년 3월 18일 18시,목요일,대전광역시 유성구 화암동,중상사고,0,1,0,0,차대사람 - 횡단중,신호위반,포장 - 건조,맑음,단일로 - 기타,승용,남,55세,기타불명,보행자,남,21세,중상
215,2021031800100527,2021년 3월 18일 23시,목요일,대전광역시 서구 탄방동,중상사고,0,1,0,0,차대사람 - 기타,안전운전불이행,포장 - 건조,맑음,단일로 - 기타,승용,남,22세,상해없음,보행자,여,29세,중상
216,2021031900100293,2021년 3월 19일 14시,금요일,대전광역시 대덕구 목상동,경상사고,0,0,3,0,차대사람 - 기타,안전운전불이행,포장 - 건조,맑음,교차로 - 교차로부근,승용,남,53세,상해없음,보행자,여,8세,경상
217,2021031900100519,2021년 3월 19일 19시,금요일,대전광역시 동구 가양동,경상사고,0,0,1,0,차대사람 - 횡단중,보행자보호의무위반,포장 - 건조,맑음,기타 - 기타,승용,남,59세,상해없음,보행자,남,38세,경상
218,2021032000100135,2021년 3월 20일 11시,토요일,대전광역시 대덕구 목상동,경상사고,0,0,1,0,차대사람 - 횡단중,보행자보호의무위반,포장 - 젖음/습기,비,교차로 - 교차로부근,화물,남,54세,상해없음,보행자,여,68세,경상
219,2021032000100174,2021년 3월 20일 12시,토요일,대전광역시 동구 홍도동,경상사고,0,0,1,0,차대사람 - 기타,안전운전불이행,포장 - 건조,맑음,단일로 - 기타,승용,여,60세,상해없음,보행자,남,20세,경상
220,2021032000100175,2021년 3월 20일 12시,토요일,대전광역시 서구 복수동,경상사고,0,0,1,0,차대사람 - 기타,안전운전불이행,포장 - 건조,맑음,교차로 - 교차로안,승용,여,44세,상해없음,보행자,여,33세,경상
221,2021032000100371,2021년 3월 20일 18시,토요일,대전광역시 동구 용전동,경상사고,0,0,1,0,차대사람 - 기타,안전운전불이행,포장 - 건조,맑음,단일로 - 기타,승용,남,52세,상해없음,보행자,남,62세,경상
222,2021032000100372,2021년 3월 20일 18시,토요일,대전광역시 동구 삼성동,중상사고,0,1,0,0,차대사람 - 횡단중,신호위반,포장 - 건조,맑음,단일로 - 기타,승용,남,56세,상해없음,보행자,여,63세,중상
223,2021032000100446,2021년 3월 20일 20시,토요일,대전광역시 서구 월평동,중상사고,0,1,0,0,차대사람 - 횡단중,보행자보호의무위반,포장 - 건조,맑음,교차로 - 교차로횡단보도내,이륜,남,36세,기타불명,보행자,여,23세,중상
224,2021032000100505,2021년 3월 20일 22시,토요일,대전광역시 동구 중동,경상사고,0,0,1,0,차대사람 - 횡단중,보행자보호의무위반,포장 - 건조,맑음,단일로 - 기타,승용,남,44세,상해없음,보행자,여,57세,경상
225,2021032000100523,2021년 3월 20일 23시,토요일,대전광역시 중구 대흥동,경상사고,0,0,1,0,차대사람 - 기타,안전운전불이행,포장 - 건조,맑음,단일로 - 기타,승용,남,27세,상해없음,보행자,남,28세,경상
226,2021032100100420,2021년 3월 21일 22시,일요일,대전광역시 서구 월평동,경상사고,0,0,1,0,차대사람 - 기타,안전운전불이행,포장 - 건조,맑음,단일로 - 기타,기타불명,기타불명,미분류,기타불명,보행자,남,40세,경상
227,2021032200100109,2021년 3월 22일 08시,월요일,대전광역시 유성구 반석동,경상사고,0,0,1,0,차대사람 - 횡단중,보행자보호의무위반,포장 - 건조,맑음,교차로 - 교차로횡단보도내,승용,남,34세,상해없음,보행자,여,38세,경상
228,2021032200100378,2021년 3월 22일 16시,월요일,대전광역시 중구 문창동,경상사고,0,0,1,0,차대사람 - 기타,기타,포장 - 건조,맑음,단일로 - 기타,화물,남,49세,상해없음,보행자,여,59세,경상
229,2021032200100455,2021년 3월 22일 18시,월요일,대전광역시 서구 탄방동,경상사고,0,0,1,0,차대사람 - 기타,안전운전불이행,포장 - 건조,맑음,교차로 - 교차로안,승용,여,66세,상해없음,보행자,여,47세,경상
230,2021032300100175,2021년 3월 23일 11시,화요일,대전광역시 유성구 관평동,중상사고,0,1,0,0,차대사람 - 기타,보행자보호의무위반,포장 - 건조,맑음,교차로 - 교차로안,화물,남,56세,상해없음,보행자,남,34세,중상
231,2021032300100239,2021년 3월 23일 13시,화요일,대전광역시 서구 탄방동,경상사고,0,0,1,0,차대사람 - 기타,안전운전불이행,포장 - 건조,맑음,교차로 - 교차로부근,화물,남,75세,상해없음,보행자,남,75세,경상
232,2021032300100508,2021년 3월 23일 20시,화요일,대전광역시 서구 갈마동,경상사고,0,0,1,0,차대사람 - 길가장자리구역통행중,안전운전불이행,포장 - 건조,맑음,단일로 - 기타,기타불명,기타불명,미분류,기타불명,보행자,남,20세,경상
233,2021032400100024,2021년 3월 24일 04시,수요일,대전광역시 대덕구 오정동,중상사고,0,1,0,0,차대사람 - 기타,안전운전불이행,포장 - 건조,맑음,교차로 - 교차로부근,승용,남,61세,상해없음,보행자,남,70세,중상
234,2021032400100145,2021년 3월 24일 09시,수요일,대전광역시 동구 자양동,경상사고,0,0,1,0,차대사람 - 횡단중,안전운전불이행,포장 - 건조,맑음,단일로 - 기타,승용,여,56세,상해없음,보행자,남,47세,경상
235,2021032400100146,2021년 3월 24일 09시,수요일,대전광역시 서구 월평동,경상사고,0,0,1,0,차대사람 - 기타,안전운전불이행,포장 - 건조,맑음,단일로 - 기타,화물,남,40세,상해없음,보행자,여,70세,경상
236,2021032400100440,2021년 3월 24일 18시,수요일,대전광역시 중구 태평동,경상사고,0,0,1,0,차대사람 - 기타,안전운전불이행,포장 - 건조,맑음,단일로 - 기타,자전거,남,32세,상해없음,보행자,여,79세,경상
237,2021032500100156,2021년 3월 25일 10시,목요일,대전광역시 유성구 원내동,경상사고,0,0,1,0,차대사람 - 기타,보행자보호의무위반,포장 - 건조,맑음,단일로 - 기타,승용,여,65세,상해없음,보행자,여,30세,경상
238,2021032500100193,2021년 3월 25일 11시,목요일,대전광역시 대덕구 오정동,중상사고,0,1,0,0,차대사람 - 기타,안전운전불이행,포장 - 건조,맑음,단일로 - 기타,승용,여,42세,상해없음,보행자,여,74세,중상
239,2021032500100194,2021년 3월 25일 11시,목요일,대전광역시 서구 갈마동,사망사고,1,0,0,0,차대사람 - 차도통행중,안전운전불이행,포장 - 건조,맑음,단일로 - 기타,승용,여,27세,기타불명,보행자,남,92세,사망
240,2021032500100598,2021년 3월 25일 22시,목요일,대전광역시 서구 둔산동,경상사고,0,0,1,0,차대사람 - 기타,안전운전불이행,포장 - 건조,맑음,단일로 - 기타,승용,남,19세,상해없음,보행자,남,22세,경상
241,2021032600100529,2021년 3월 26일 19시,금요일,대전광역시 중구 태평동,경상사고,0,0,1,0,차대사람 - 차도통행중,안전운전불이행,포장 - 건조,맑음,교차로 - 교차로부근,승용,여,45세,상해없음,보행자,남,38세,경상
242,2021032700100016,2021년 3월 27일 00시,토요일,대전광역시 중구 대흥동,부상신고사고,0,0,0,1,차대사람 - 기타,안전운전불이행,포장 - 건조,맑음,단일로 - 기타,승용,남,63세,상해없음,보행자,남,18세,부상신고
243,2021032700100066,2021년 3월 27일 06시,토요일,대전광역시 대덕구 신대동,부상신고사고,0,0,0,1,차대사람 - 기타,기타,포장 - 건조,맑음,기타 - 기타,승합,남,58세,상해없음,보행자,남,58세,부상신고
244,2021032700100207,2021년 3월 27일 12시,토요일,대전광역시 서구 둔산동,경상사고,0,0,1,0,차대사람 - 보도통행중,안전운전불이행,포장 - 건조,맑음,교차로 - 교차로안,승용,남,29세,상해없음,보행자,남,35세,경상
245,2021032700100421,2021년 3월 27일 17시,토요일,대전광역시 유성구 반석동,경상사고,0,0,1,0,차대사람 - 기타,안전운전불이행,포장 - 젖음/습기,비,단일로 - 기타,승용,남,25세,상해없음,보행자,남,34세,경상
246,2021032700100520,2021년 3월 27일 19시,토요일,대전광역시 유성구 궁동,경상사고,0,0,1,0,차대사람 - 횡단중,안전운전불이행,포장 - 건조,맑음,교차로 - 교차로안,승용,남,68세,기타불명,보행자,여,25세,경상
247,2021032700100558,2021년 3월 27일 20시,토요일,대전광역시 중구 은행동,경상사고,0,0,1,0,차대사람 - 기타,안전운전불이행,포장 - 젖음/습기,비,단일로 - 기타,승용,남,29세,상해없음,보행자,여,42세,경상
248,2021032700100669,2021년 3월 27일 23시,토요일,대전광역시 서구 둔산동,경상사고,0,0,2,0,차대사람 - 기타,안전운전불이행,포장 - 젖음/습기,비,단일로 - 기타,승용,여,24세,상해없음,보행자,남,23세,경상
249,2021032800100171,2021년 3월 28일 12시,일요일,대전광역시 동구 용운동,중상사고,0,1,0,0,차대사람 - 기타,보행자보호의무위반,포장 - 건조,맑음,교차로 - 교차로부근,이륜,남,22세,상해없음,보행자,여,19세,중상
250,2021032900100196,2021년 3월 29일 10시,월요일,대전광역시 동구 삼성동,중상사고,0,1,0,0,차대사람 - 보도통행중,보행자보호의무위반,포장 - 건조,맑음,교차로 - 교차로횡단보도내,승용,남,50세,상해없음,보행자,여,82세,중상
251,2021032900100369,2021년 3월 29일 15시,월요일,대전광역시 동구 가양동,중상사고,0,4,1,0,차대사람 - 기타,안전운전불이행,포장 - 건조,맑음,교차로 - 교차로부근,승용,남,71세,중상,보행자,여,51세,중상
252,2021033000100355,2021년 3월 30일 15시,화요일,대전광역시 서구 둔산동,경상사고,0,0,1,0,차대사람 - 기타,안전운전불이행,포장 - 건조,맑음,단일로 - 기타,승용,여,67세,상해없음,보행자,남,26세,경상
253,2021033000100544,2021년 3월 30일 19시,화요일,대전광역시 동구 홍도동,중상사고,0,1,0,0,차대사람 - 횡단중,보행자보호의무위반,포장 - 건조,맑음,교차로 - 교차로횡단보도내,승용,여,49세,상해없음,보행자,여,45세,중상
254,2021033100100264,2021년 3월 31일 13시,수요일,대전광역시 중구 산성동,중상사고,0,1,0,0,차대사람 - 기타,안전운전불이행,포장 - 건조,맑음,단일로 - 기타,화물,남,49세,상해없음,보행자,남,6세,중상
255,2021033100100294,2021년 3월 31일 14시,수요일,대전광역시 대덕구 석봉동,경상사고,0,0,1,0,차대사람 - 기타,신호위반,포장 - 건조,맑음,교차로 - 교차로횡단보도내,승용,남,58세,상해없음,보행자,여,24세,경상
256,2021033100100340,2021년 3월 31일 15시,수요일,대전광역시 유성구 장대동,경상사고,0,0,1,0,차대사람 - 기타,안전운전불이행,포장 - 건조,맑음,단일로 - 기타,승용,여,55세,상해없음,보행자,남,49세,경상
257,2021033100100545,2021년 3월 31일 20시,수요일,대전광역시 대덕구 송촌동,경상사고,0,0,1,0,차대사람 - 길가장자리구역통행중,보행자보호의무위반,포장 - 건조,맑음,교차로 - 교차로안,승용,남,58세,상해없음,보행자,남,38세,경상
258,2021033100100592,2021년 3월 31일 22시,수요일,대전광역시 동구 대성동,경상사고,0,0,1,0,차대사람 - 횡단중,안전운전불이행,포장 - 건조,맑음,교차로 - 교차로안,승용,남,54세,상해없음,보행자,남,56세,경상
259,2021040100100316,2021년 4월 1일 14시,목요일,대전광역시 중구 은행동,경상사고,0,0,1,0,차대사람 - 기타,안전운전불이행,포장 - 건조,맑음,단일로 - 기타,승용,여,69세,상해없음,보행자,여,27세,경상
260,2021040100100318,2021년 4월 1일 14시,목요일,대전광역시 서구 복수동,중상사고,0,1,0,0,차대사람 - 기타,안전운전불이행,포장 - 건조,맑음,단일로 - 기타,개인형이동수단(PM),여,21세,상해없음,보행자,여,57세,중상
261,2021040200100021,2021년 4월 2일 02시,금요일,대전광역시 유성구 봉산동,경상사고,0,0,1,0,차대사람 - 기타,안전운전불이행,포장 - 건조,맑음,교차로 - 교차로안,승용,남,18세,상해없음,보행자,남,24세,경상
262,2021040200100243,2021년 4월 2일 12시,금요일,대전광역시 중구 목동,중상사고,0,1,0,0,차대사람 - 횡단중,보행자보호의무위반,포장 - 건조,맑음,교차로 - 교차로부근,승용,여,44세,상해없음,보행자,여,66세,중상
263,2021040200100530,2021년 4월 2일 19시,금요일,대전광역시 유성구 장대동,중상사고,0,1,0,0,차대사람 - 기타,안전운전불이행,포장 - 건조,맑음,단일로 - 기타,화물,남,52세,상해없음,보행자,여,32세,중상
264,2021040300100034,2021년 4월 3일 02시,토요일,대전광역시 동구 판암동,경상사고,0,0,1,0,차대사람 - 기타,보행자보호의무위반,포장 - 건조,흐림,교차로 - 교차로안,승용,남,54세,상해없음,보행자,여,62세,경상
265,2021040300100035,2021년 4월 3일 02시,토요일,대전광역시 대덕구 중리동,경상사고,0,0,1,0,차대사람 - 기타,신호위반,포장 - 건조,맑음,교차로 - 교차로안,승용,남,49세,상해없음,보행자,여,47세,경상
266,2021040300100550,2021년 4월 3일 21시,토요일,대전광역시 유성구 장대동,경상사고,0,0,1,0,차대사람 - 기타,안전운전불이행,포장 - 건조,맑음,교차로 - 교차로부근,승용,남,63세,상해없음,보행자,여,66세,경상
267,2021040300100630,2021년 4월 3일 23시,토요일,대전광역시 유성구 궁동,경상사고,0,0,1,0,차대사람 - 기타,안전운전불이행,포장 - 젖음/습기,비,기타 - 기타,승용,남,19세,상해없음,보행자,여,24세,경상
268,2021040400100081,2021년 4월 4일 09시,일요일,대전광역시 유성구 봉명동,경상사고,0,0,1,0,차대사람 - 기타,기타,포장 - 건조,맑음,단일로 - 기타,승용,남,35세,기타불명,보행자,남,19세,경상
269,2021040400100138,2021년 4월 4일 12시,일요일,대전광역시 대덕구 신대동,부상신고사고,0,0,0,1,차대사람 - 횡단중,보행자보호의무위반,포장 - 건조,맑음,단일로 - 기타,이륜,남,34세,상해없음,보행자,남,3세,부상신고
270,2021040400100162,2021년 4월 4일 13시,일요일,대전광역시 동구 정동,경상사고,0,0,1,0,차대사람 - 차도통행중,안전운전불이행,포장 - 건조,맑음,단일로 - 기타,승합,남,59세,상해없음,보행자,여,68세,경상
271,2021040500100130,2021년 4월 5일 08시,월요일,대전광역시 대덕구 오정동,중상사고,0,1,0,0,차대사람 - 차도통행중,안전운전불이행,포장 - 건조,맑음,단일로 - 기타,화물,남,57세,상해없음,보행자,여,74세,중상
272,2021040500100234,2021년 4월 5일 11시,월요일,대전광역시 대덕구 법동,경상사고,0,0,1,0,차대사람 - 차도통행중,안전운전불이행,포장 - 건조,맑음,기타 - 기타,화물,남,55세,기타불명,보행자,남,85세,경상
273,2021040600100440,2021년 4월 6일 18시,화요일,대전광역시 서구 가장동,경상사고,0,0,1,0,차대사람 - 횡단중,신호위반,포장 - 건조,맑음,교차로 - 교차로횡단보도내,승용,남,59세,상해없음,보행자,여,8세,경상
274,2021040800100118,2021년 4월 8일 08시,목요일,대전광역시 대덕구 송촌동,경상사고,0,0,1,0,차대사람 - 길가장자리구역통행중,안전운전불이행,포장 - 건조,맑음,단일로 - 기타,승용,남,49세,상해없음,보행자,남,18세,경상
275,2021040800100186,2021년 4월 8일 10시,목요일,대전광역시 대덕구 비래동,경상사고,0,0,1,0,차대사람 - 횡단중,중앙선침범,포장 - 건조,맑음,단일로 - 기타,승용,남,59세,상해없음,보행자,여,61세,경상
276,2021040800100253,2021년 4월 8일 12시,목요일,대전광역시 중구 문화동,중상사고,0,1,0,0,차대사람 - 기타,보행자보호의무위반,포장 - 건조,맑음,교차로 - 교차로횡단보도내,승용,남,58세,상해없음,보행자,여,57세,중상
277,2021040800100502,2021년 4월 8일 18시,목요일,대전광역시 서구 변동,경상사고,0,0,1,0,차대사람 - 횡단중,보행자보호의무위반,포장 - 건조,맑음,교차로 - 교차로횡단보도내,화물,남,66세,상해없음,보행자,남,53세,경상
278,2021040800100624,2021년 4월 8일 22시,목요일,대전광역시 동구 가양동,경상사고,0,0,1,0,차대사람 - 횡단중,안전운전불이행,포장 - 건조,맑음,단일로 - 기타,승용,남,63세,상해없음,보행자,남,48세,경상
279,2021040900100139,2021년 4월 9일 09시,금요일,대전광역시 서구 괴정동,중상사고,0,1,0,0,차대사람 - 기타,보행자보호의무위반,포장 - 건조,맑음,교차로 - 교차로횡단보도내,승용,여,41세,상해없음,보행자,남,80세,중상
280,2021040900100351,2021년 4월 9일 15시,금요일,대전광역시 중구 유천동,경상사고,0,0,1,0,차대사람 - 횡단중,보행자보호의무위반,포장 - 건조,맑음,단일로 - 기타,이륜,여,23세,상해없음,보행자,남,12세,경상
281,2021040900100402,2021년 4월 9일 16시,금요일,대전광역시 서구 둔산동,중상사고,0,1,0,0,차대사람 - 기타,안전운전불이행,포장 - 건조,맑음,단일로 - 기타,승합,여,60세,상해없음,보행자,여,65세,중상
282,2021040900100579,2021년 4월 9일 20시,금요일,대전광역시 서구 갈마동,경상사고,0,0,1,0,차대사람 - 횡단중,보행자보호의무위반,포장 - 건조,맑음,단일로 - 기타,승용,남,38세,상해없음,보행자,여,60세,경상
283,2021041000100400,2021년 4월 10일 16시,토요일,대전광역시 중구 유천동,경상사고,0,0,1,0,차대사람 - 기타,안전운전불이행,포장 - 건조,맑음,단일로 - 기타,승용,남,78세,상해없음,보행자,여,22세,경상
284,2021041100100029,2021년 4월 11일 02시,일요일,대전광역시 서구 갈마동,경상사고,0,0,1,0,차대사람 - 횡단중,안전운전불이행,포장 - 건조,맑음,교차로 - 교차로횡단보도내,승용,여,67세,상해없음,보행자,남,17세,경상
285,2021041100100352,2021년 4월 11일 17시,일요일,대전광역시 중구 선화동,경상사고,0,0,1,0,차대사람 - 기타,안전운전불이행,포장 - 건조,맑음,단일로 - 기타,승용,여,28세,상해없음,보행자,남,36세,경상
286,2021041100100418,2021년 4월 11일 19시,일요일,대전광역시 중구 산성동,경상사고,0,0,1,0,차대사람 - 기타,기타,포장 - 건조,맑음,기타 - 기타,승용,여,52세,상해없음,보행자,여,80세,경상
287,2021041200100496,2021년 4월 12일 19시,월요일,대전광역시 서구 내동,중상사고,0,2,0,0,차대사람 - 기타,보행자보호의무위반,포장 - 젖음/습기,비,교차로 - 교차로횡단보도내,승합,남,56세,상해없음,보행자,남,53세,중상
288,2021041200100581,2021년 4월 12일 21시,월요일,대전광역시 서구 가장동,경상사고,0,0,1,0,차대사람 - 기타,안전운전불이행,포장 - 젖음/습기,흐림,단일로 - 기타,승용,여,33세,상해없음,보행자,여,58세,경상
289,2021041300100015,2021년 4월 13일 00시,화요일,대전광역시 서구 도마동,중상사고,0,1,0,0,차대사람 - 횡단중,안전운전불이행,포장 - 젖음/습기,비,단일로 - 기타,승용,남,39세,상해없음,보행자,남,52세,중상
290,2021041300100388,2021년 4월 13일 16시,화요일,대전광역시 서구 복수동,경상사고,0,0,1,0,차대사람 - 횡단중,안전운전불이행,포장 - 건조,맑음,단일로 - 기타,이륜,남,23세,상해없음,보행자,남,8세,경상
291,2021041300100484,2021년 4월 13일 18시,화요일,대전광역시 서구 가수원동,경상사고,0,0,1,0,차대사람 - 기타,안전운전불이행,포장 - 건조,맑음,주차장 - 주차장,승용,여,48세,상해없음,보행자,여,25세,경상
292,2021041300100485,2021년 4월 13일 18시,화요일,대전광역시 서구 복수동,경상사고,0,0,1,0,차대사람 - 기타,기타,포장 - 건조,맑음,교차로 - 교차로부근,승합,남,50세,상해없음,보행자,여,71세,경상
293,2021041400100022,2021년 4월 14일 05시,수요일,대전광역시 동구 용운동,중상사고,0,1,0,0,차대사람 - 횡단중,안전운전불이행,포장 - 건조,맑음,교차로 - 교차로부근,승용,남,57세,상해없음,보행자,남,61세,중상
294,2021041400100307,2021년 4월 14일 15시,수요일,대전광역시 서구 가장동,경상사고,0,0,1,0,차대사람 - 횡단중,안전운전불이행,포장 - 건조,맑음,단일로 - 기타,승용,남,69세,상해없음,보행자,남,46세,경상
295,2021041400100392,2021년 4월 14일 17시,수요일,대전광역시 중구 오류동,경상사고,0,0,1,0,차대사람 - 기타,안전운전불이행,포장 - 건조,맑음,단일로 - 기타,승용,남,24세,상해없음,보행자,남,61세,경상
296,2021041400100525,2021년 4월 14일 21시,수요일,대전광역시 동구 천동,경상사고,0,0,1,0,차대사람 - 횡단중,보행자보호의무위반,포장 - 건조,맑음,교차로 - 교차로부근,승용,여,46세,상해없음,보행자,남,18세,경상
297,2021041500100292,2021년 4월 15일 14시,목요일,대전광역시 서구 관저동,경상사고,0,0,1,0,차대사람 - 기타,안전운전불이행,포장 - 건조,맑음,교차로 - 교차로부근,승합,남,54세,상해없음,보행자,남,82세,경상
298,2021041500100326,2021년 4월 15일 15시,목요일,대전광역시 유성구 구암동,중상사고,0,1,0,0,차대사람 - 차도통행중,안전운전불이행,포장 - 건조,맑음,교차로 - 교차로안,화물,남,62세,상해없음,보행자,여,75세,중상
299,2021041500100551,2021년 4월 15일 20시,목요일,대전광역시 서구 내동,경상사고,0,0,1,0,차대사람 - 횡단중,보행자보호의무위반,포장 - 건조,맑음,교차로 - 교차로횡단보도내,기타불명,기타불명,미분류,기타불명,보행자,남,16세,경상
300,2021041600100210,2021년 4월 16일 12시,금요일,대전광역시 중구 목동,중상사고,0,1,0,0,차대사람 - 횡단중,중앙선침범,포장 - 건조,맑음,단일로 - 기타,승용,남,66세,상해없음,보행자,여,70세,중상
301,2021041600100499,2021년 4월 16일 20시,금요일,대전광역시 동구 자양동,경상사고,0,0,1,0,차대사람 - 보도통행중,신호위반,포장 - 건조,맑음,단일로 - 기타,원동기,남,20세,상해없음,보행자,남,20세,경상
302,2021041600100569,2021년 4월 16일 22시,금요일,대전광역시 동구 대동,경상사고,0,0,1,0,차대사람 - 기타,안전운전불이행,포장 - 건조,맑음,단일로 - 기타,승용,남,62세,상해없음,보행자,남,51세,경상
303,2021041700100147,2021년 4월 17일 10시,토요일,대전광역시 동구 성남동,중상사고,0,1,0,0,차대사람 - 기타,안전운전불이행,포장 - 건조,맑음,단일로 - 기타,화물,남,57세,상해없음,보행자,여,80세,중상
304,2021041700100268,2021년 4월 17일 13시,토요일,대전광역시 동구 자양동,경상사고,0,0,1,0,차대사람 - 기타,안전운전불이행,포장 - 건조,맑음,교차로 - 교차로안,화물,남,58세,상해없음,보행자,여,47세,경상
305,2021041700100443,2021년 4월 17일 17시,토요일,대전광역시 중구 산성동,경상사고,0,0,1,0,차대사람 - 기타,안전운전불이행,포장 - 건조,맑음,단일로 - 기타,승용,여,55세,상해없음,보행자,여,68세,경상
306,2021041700100579,2021년 4월 17일 22시,토요일,대전광역시 중구 목동,중상사고,0,1,0,0,차대사람 - 차도통행중,안전운전불이행,포장 - 건조,맑음,교차로 - 교차로안,승용,남,33세,상해없음,보행자,여,62세,중상
307,2021041800100131,2021년 4월 18일 12시,일요일,대전광역시 동구 대성동,경상사고,0,0,1,0,차대사람 - 기타,신호위반,포장 - 건조,맑음,단일로 - 기타,승용,남,66세,상해없음,보행자,남,80세,경상
308,2021041800100163,2021년 4월 18일 13시,일요일,대전광역시 서구 괴정동,경상사고,0,0,1,0,차대사람 - 보도통행중,안전운전불이행,포장 - 건조,맑음,단일로 - 기타,승용,여,59세,상해없음,보행자,여,20세,경상
309,2021041900100185,2021년 4월 19일 10시,월요일,대전광역시 동구 신안동,경상사고,0,0,1,0,차대사람 - 기타,안전운전불이행,포장 - 건조,맑음,단일로 - 기타,승용,남,58세,상해없음,보행자,남,58세,경상
310,2021041900100186,2021년 4월 19일 10시,월요일,대전광역시 서구 가수원동,경상사고,0,0,1,0,차대사람 - 횡단중,안전운전불이행,포장 - 건조,맑음,단일로 - 기타,승용,남,43세,상해없음,보행자,여,54세,경상
311,2021041900100306,2021년 4월 19일 14시,월요일,대전광역시 중구 유천동,중상사고,0,1,1,0,차대사람 - 기타,안전운전불이행,포장 - 건조,맑음,단일로 - 기타,자전거,여,56세,상해없음,보행자,여,55세,중상
312,2021041900100340,2021년 4월 19일 15시,월요일,대전광역시 서구 내동,경상사고,0,0,1,0,차대사람 - 기타,안전운전불이행,포장 - 건조,맑음,교차로 - 교차로부근,승용,여,31세,상해없음,보행자,여,13세,경상
313,2021041900100431,2021년 4월 19일 17시,월요일,대전광역시 동구 용운동,중상사고,0,1,0,0,차대사람 - 기타,안전운전불이행,포장 - 건조,맑음,단일로 - 기타,화물,남,63세,상해없음,보행자,여,84세,중상
314,2021041900100550,2021년 4월 19일 21시,월요일,대전광역시 유성구 죽동,중상사고,0,1,0,0,차대사람 - 기타,안전운전불이행,포장 - 건조,맑음,교차로 - 교차로부근,승용,남,42세,상해없음,보행자,남,47세,중상
315,2021041900100576,2021년 4월 19일 22시,월요일,대전광역시 중구 오류동,경상사고,0,0,1,0,차대사람 - 기타,안전운전불이행,포장 - 건조,맑음,단일로 - 기타,승용,남,37세,상해없음,보행자,남,56세,경상
316,2021042000100062,2021년 4월 20일 07시,화요일,대전광역시 유성구 지족동,경상사고,0,0,1,0,차대사람 - 횡단중,신호위반,포장 - 건조,맑음,교차로 - 교차로횡단보도내,기타불명,기타불명,미분류,기타불명,보행자,여,28세,경상
317,2021042000100105,2021년 4월 20일 08시,화요일,대전광역시 동구 낭월동,경상사고,0,0,1,0,차대사람 - 횡단중,보행자보호의무위반,포장 - 건조,맑음,교차로 - 교차로안,승용,여,63세,상해없음,보행자,여,66세,경상
318,2021042000100291,2021년 4월 20일 13시,화요일,대전광역시 유성구 상대동,경상사고,0,0,1,0,차대사람 - 횡단중,안전운전불이행,포장 - 건조,맑음,교차로 - 교차로부근,승용,남,42세,상해없음,보행자,남,66세,경상
319,2021042000100527,2021년 4월 20일 19시,화요일,대전광역시 중구 중촌동,중상사고,0,1,0,0,차대사람 - 횡단중,보행자보호의무위반,포장 - 건조,맑음,교차로 - 교차로횡단보도내,승용,남,69세,상해없음,보행자,남,76세,중상
320,2021042100100070,2021년 4월 21일 07시,수요일,대전광역시 대덕구 송촌동,중상사고,0,1,0,0,차대사람 - 차도통행중,안전운전불이행,포장 - 건조,맑음,단일로 - 기타,승용,여,44세,상해없음,보행자,여,54세,중상